Datetime,Open,High,Low,Close,Volume
2023-11-06 10:00:00+07:00,5.25,5.349999905,5.25,5.300000191,969200
2023-11-06 10:15:00+07:00,5.300000191,5.349999905,5.300000191,5.300000191,182400
2023-11-06 10:30:00+07:00,5.300000191,5.300000191,5.300000191,5.300000191,233800
2023-11-06 10:45:00+07:00,5.300000191,5.349999905,5.25,5.25,1600162
2023-11-06 11:00:00+07:00,5.25,5.300000191,5.199999809,5.199999809,955012
2023-11-06 11:15:00+07:00,5.199999809,5.25,5.199999809,5.199999809,135004
2023-11-06 11:30:00+07:00,5.199999809,5.25,5.199999809,5.199999809,341200
2023-11-06 11:45:00+07:00,5.199999809,5.25,5.199999809,5.199999809,145805
2023-11-06 12:00:00+07:00,5.199999809,5.199999809,5.199999809,5.199999809,126502
2023-11-06 12:15:00+07:00,5.199999809,5.25,5.199999809,5.199999809,431700
2023-11-06 14:15:00+07:00,5.25,5.25,5.199999809,5.199999809,546800
2023-11-06 14:30:00+07:00,5.25,5.300000191,5.199999809,5.199999809,1234029
2023-11-06 14:45:00+07:00,5.199999809,5.25,5.199999809,5.199999809,150500
2023-11-06 15:00:00+07:00,5.199999809,5.199999809,5.199999809,5.199999809,218300
2023-11-06 15:15:00+07:00,5.199999809,5.25,5.199999809,5.199999809,668300
2023-11-06 15:30:00+07:00,5.199999809,5.25,5.199999809,5.25,1325500
2023-11-06 15:45:00+07:00,5.25,5.25,5.199999809,5.199999809,387600
2023-11-06 16:00:00+07:00,5.25,5.25,5.199999809,5.199999809,1089900
2023-11-06 16:15:00+07:00,5.199999809,5.25,5.199999809,5.199999809,239800
2023-11-07 10:00:00+07:00,5.199999809,5.199999809,5.150000095,5.150000095,844900
2023-11-07 10:15:00+07:00,5.150000095,5.199999809,5.150000095,5.199999809,68001
2023-11-07 10:30:00+07:00,5.199999809,5.199999809,5.150000095,5.199999809,1121800
2023-11-07 10:45:00+07:00,5.199999809,5.25,5.150000095,5.150000095,632400
2023-11-07 11:00:00+07:00,5.150000095,5.25,5.150000095,5.199999809,381000
2023-11-07 11:15:00+07:00,5.199999809,5.199999809,5.150000095,5.150000095,610100
2023-11-07 11:30:00+07:00,5.150000095,5.25,5.150000095,5.199999809,2023000
2023-11-07 11:45:00+07:00,5.199999809,5.25,5.199999809,5.199999809,1365501
2023-11-07 12:00:00+07:00,5.199999809,5.25,5.199999809,5.199999809,1979600
2023-11-07 12:15:00+07:00,5.25,5.25,5.199999809,5.25,837000
2023-11-07 14:15:00+07:00,5.25,5.25,5.25,5.25,7200
2023-11-07 14:30:00+07:00,5.25,5.300000191,5.25,5.25,631801
2023-11-07 14:45:00+07:00,5.25,5.25,5.25,5.25,4360400
2023-11-07 15:00:00+07:00,5.25,5.25,5.199999809,5.199999809,36700
2023-11-07 15:15:00+07:00,5.199999809,5.199999809,5.199999809,5.199999809,700
2023-11-07 15:30:00+07:00,5.25,5.300000191,5.199999809,5.25,949322
2023-11-07 15:45:00+07:00,5.25,5.300000191,5.25,5.25,669503
2023-11-07 16:00:00+07:00,5.25,5.300000191,5.25,5.25,226700
2023-11-07 16:15:00+07:00,5.300000191,5.300000191,5.25,5.25,653700
2023-11-08 10:00:00+07:00,5.25,5.300000191,5.199999809,5.199999809,140806
2023-11-08 10:15:00+07:00,5.199999809,5.25,5.199999809,5.199999809,185402
2023-11-08 10:30:00+07:00,5.199999809,5.25,5.199999809,5.25,88100
2023-11-08 10:45:00+07:00,5.25,5.25,5.199999809,5.199999809,539000
2023-11-08 11:00:00+07:00,5.199999809,5.25,5.199999809,5.25,10200
2023-11-08 11:15:00+07:00,5.199999809,5.199999809,5.199999809,5.199999809,2800
2023-11-08 11:30:00+07:00,5.199999809,5.300000191,5.199999809,5.25,397900
2023-11-08 11:45:00+07:00,5.25,5.25,5.25,5.25,2300
2023-11-08 12:00:00+07:00,5.25,5.300000191,5.25,5.300000191,275200
2023-11-08 12:15:00+07:00,5.25,5.300000191,5.25,5.25,12900
2023-11-08 14:15:00+07:00,5.300000191,5.300000191,5.25,5.300000191,273700
2023-11-08 14:30:00+07:00,5.25,5.300000191,5.199999809,5.199999809,947500
2023-11-08 14:45:00+07:00,5.199999809,5.25,5.150000095,5.199999809,596300
2023-11-08 15:00:00+07:00,5.150000095,5.199999809,5.150000095,5.150000095,89300
2023-11-08 15:15:00+07:00,5.199999809,5.25,5.150000095,5.199999809,1508400
2023-11-08 15:30:00+07:00,5.199999809,5.199999809,5.150000095,5.199999809,170230
2023-11-08 15:45:00+07:00,5.150000095,5.199999809,5.150000095,5.199999809,294600
2023-11-08 16:00:00+07:00,5.199999809,5.199999809,5.150000095,5.150000095,1474600
2023-11-08 16:15:00+07:00,5.150000095,5.199999809,5.150000095,5.150000095,96515
2023-11-09 10:00:00+07:00,5.199999809,5.199999809,5.150000095,5.150000095,17900
2023-11-09 10:15:00+07:00,5.150000095,5.199999809,5.150000095,5.150000095,907200
2023-11-09 10:30:00+07:00,5.099999905,5.150000095,5.099999905,5.099999905,80800
2023-11-09 10:45:00+07:00,5.099999905,5.150000095,5.099999905,5.099999905,327800
2023-11-09 11:00:00+07:00,5.099999905,5.099999905,5.050000191,5.050000191,1715700
2023-11-09 11:15:00+07:00,5.099999905,5.099999905,5.050000191,5.050000191,804200
2023-11-09 11:30:00+07:00,5.050000191,5.099999905,5.050000191,5.099999905,35000
2023-11-09 11:45:00+07:00,5.099999905,5.099999905,5.050000191,5.050000191,838801
2023-11-09 12:00:00+07:00,5.050000191,5.099999905,5.050000191,5.050000191,136000
2023-11-09 12:15:00+07:00,5.050000191,5.099999905,5.050000191,5.050000191,582220
2023-11-09 14:15:00+07:00,5.050000191,5.050000191,5.050000191,5.050000191,46300
2023-11-09 14:30:00+07:00,5.050000191,5.099999905,5.050000191,5.099999905,1603100
2023-11-09 14:45:00+07:00,5.099999905,5.150000095,5.050000191,5.050000191,670800
2023-11-09 15:00:00+07:00,5.050000191,5.150000095,5.050000191,5.099999905,1708800
2023-11-09 15:15:00+07:00,5.050000191,5.099999905,5.050000191,5.099999905,197000
2023-11-09 15:30:00+07:00,5.099999905,5.150000095,5.050000191,5.050000191,625100
2023-11-09 15:45:00+07:00,5.050000191,5.099999905,5.050000191,5.099999905,25600
2023-11-09 16:00:00+07:00,5.099999905,5.099999905,5.050000191,5.050000191,16000
2023-11-09 16:15:00+07:00,5.050000191,5.099999905,5.050000191,5.099999905,76362
2023-11-10 10:00:00+07:00,5.050000191,5.050000191,5,5,116904
2023-11-10 10:15:00+07:00,5,5.050000191,4.980000019,5.050000191,1828800
2023-11-10 10:30:00+07:00,5,5.050000191,5,5,7100
2023-11-10 10:45:00+07:00,5,5,5,5,28100
2023-11-10 11:00:00+07:00,5,5.050000191,5,5,882414
2023-11-10 11:15:00+07:00,5,5.050000191,4.980000019,5,1882600
2023-11-10 11:30:00+07:00,5.050000191,5.050000191,5,5.050000191,1925678
2023-11-10 11:45:00+07:00,5.050000191,5.050000191,5.050000191,5.050000191,291000
2023-11-10 12:00:00+07:00,5.050000191,5.050000191,5.050000191,5.050000191,48420
2023-11-10 12:15:00+07:00,5.050000191,5.050000191,5.050000191,5.050000191,10014
2023-11-10 14:15:00+07:00,5.050000191,5.050000191,5,5,278800
2023-11-10 14:30:00+07:00,5.050000191,5.150000095,5.050000191,5.150000095,571000
2023-11-10 14:45:00+07:00,5.099999905,5.099999905,5.050000191,5.099999905,799600
2023-11-10 15:00:00+07:00,5.150000095,5.150000095,5.099999905,5.099999905,377201
2023-11-10 15:15:00+07:00,5.050000191,5.099999905,5.050000191,5.099999905,1611000
2023-11-10 15:30:00+07:00,5.099999905,5.099999905,5.050000191,5.050000191,53800
2023-11-10 15:45:00+07:00,5.050000191,5.099999905,5.050000191,5.050000191,457201
2023-11-10 16:00:00+07:00,5,5.050000191,5,5,30300
2023-11-10 16:15:00+07:00,5,5.050000191,5,5.050000191,240800
2023-11-13 10:00:00+07:00,5.050000191,5.050000191,5,5,829400
2023-11-13 10:15:00+07:00,5.050000191,5.050000191,5,5,30354
2023-11-13 10:30:00+07:00,5,5,5,5,48152
2023-11-13 10:45:00+07:00,5,5,5,5,7403
2023-11-13 11:00:00+07:00,5,5.050000191,5,5,79000
2023-11-13 11:15:00+07:00,5,5.099999905,5,5.050000191,1461552
2023-11-13 11:30:00+07:00,5.050000191,5.099999905,5.050000191,5.099999905,915925
2023-11-13 11:45:00+07:00,5.099999905,5.099999905,5.050000191,5.099999905,347737
2023-11-13 12:00:00+07:00,5.099999905,5.150000095,5.099999905,5.099999905,5200
2023-11-13 12:15:00+07:00,5.099999905,5.150000095,5.099999905,5.099999905,917900
2023-11-13 14:15:00+07:00,5.199999809,5.199999809,5.150000095,5.150000095,705800
2023-11-13 14:30:00+07:00,5.150000095,5.150000095,5.099999905,5.150000095,747200
2023-11-13 14:45:00+07:00,5.150000095,5.199999809,5.150000095,5.150000095,1692100
2023-11-13 15:00:00+07:00,5.150000095,5.150000095,5.050000191,5.099999905,2487718
2023-11-13 15:15:00+07:00,5.099999905,5.150000095,5.099999905,5.099999905,206700
2023-11-13 15:30:00+07:00,5.099999905,5.150000095,5.099999905,5.099999905,65200
2023-11-13 15:45:00+07:00,5.099999905,5.150000095,5.099999905,5.099999905,59500
2023-11-13 16:00:00+07:00,5.099999905,5.150000095,5.099999905,5.099999905,33400
2023-11-13 16:15:00+07:00,5.099999905,5.150000095,5.099999905,5.099999905,458600
2023-11-14 10:00:00+07:00,5.099999905,5.099999905,5.050000191,5.050000191,1640300
2023-11-14 10:15:00+07:00,5.050000191,5.050000191,5.050000191,5.050000191,11400
2023-11-14 10:30:00+07:00,5.099999905,5.099999905,5,5,1113108
2023-11-14 10:45:00+07:00,5.050000191,5.099999905,5,5.099999905,1291600
2023-11-14 11:00:00+07:00,5.099999905,5.099999905,5.099999905,5.099999905,225500
2023-11-14 11:15:00+07:00,5.099999905,5.099999905,5.099999905,5.099999905,8600
2023-11-14 11:30:00+07:00,5.099999905,5.150000095,5.099999905,5.150000095,1157000
2023-11-14 11:45:00+07:00,5.099999905,5.099999905,5.099999905,5.099999905,21100
2023-11-14 12:00:00+07:00,5.099999905,5.099999905,5.099999905,5.099999905,15800
2023-11-14 12:15:00+07:00,5.099999905,5.099999905,5.099999905,5.099999905,34600
2023-11-14 14:15:00+07:00,5.099999905,5.099999905,5.099999905,5.099999905,30900
2023-11-14 14:30:00+07:00,5.150000095,5.150000095,5.050000191,5.099999905,1863900
2023-11-14 14:45:00+07:00,5.099999905,5.099999905,5.099999905,5.099999905,13906
2023-11-14 15:00:00+07:00,5.099999905,5.099999905,5.099999905,5.099999905,28800
2023-11-14 15:15:00+07:00,5.099999905,5.199999809,5.099999905,5.150000095,1077512
2023-11-14 15:30:00+07:00,5.150000095,5.150000095,5.150000095,5.150000095,149700
2023-11-14 15:45:00+07:00,5.150000095,5.199999809,5.150000095,5.150000095,42300
2023-11-14 16:00:00+07:00,5.150000095,5.150000095,5.150000095,5.150000095,33520
2023-11-14 16:15:00+07:00,5.150000095,5.199999809,5.150000095,5.150000095,633121
2023-11-15 10:00:00+07:00,5.199999809,5.199999809,5.150000095,5.199999809,92000
2023-11-15 10:15:00+07:00,5.199999809,5.199999809,5.150000095,5.150000095,1169300
2023-11-15 10:30:00+07:00,5.199999809,5.25,5.150000095,5.199999809,3720701
2023-11-15 10:45:00+07:00,5.25,5.25,5.199999809,5.199999809,97220
2023-11-15 11:00:00+07:00,5.199999809,5.25,5.199999809,5.199999809,158400
2023-11-15 11:15:00+07:00,5.199999809,5.25,5.199999809,5.25,118802
2023-11-15 11:30:00+07:00,5.199999809,5.349999905,5.199999809,5.300000191,6889243
2023-11-15 11:45:00+07:00,5.300000191,5.400000095,5.300000191,5.349999905,3622105
2023-11-15 12:00:00+07:00,5.349999905,5.400000095,5.349999905,5.349999905,208265
2023-11-15 12:15:00+07:00,5.349999905,5.400000095,5.349999905,5.400000095,602200
2023-11-15 14:15:00+07:00,5.349999905,5.349999905,5.349999905,5.349999905,561820
2023-11-15 14:30:00+07:00,5.349999905,5.400000095,5.349999905,5.349999905,639819
2023-11-15 14:45:00+07:00,5.349999905,5.349999905,5.300000191,5.349999905,3717100
2023-11-15 15:00:00+07:00,5.400000095,5.400000095,5.300000191,5.349999905,2334900
2023-11-15 15:15:00+07:00,5.349999905,5.400000095,5.349999905,5.349999905,495300
2023-11-15 15:30:00+07:00,5.349999905,5.349999905,5.349999905,5.349999905,535410
2023-11-15 15:45:00+07:00,5.349999905,5.400000095,5.300000191,5.300000191,1550900
2023-11-15 16:00:00+07:00,5.300000191,5.400000095,5.300000191,5.300000191,4205310
2023-11-15 16:15:00+07:00,5.300000191,5.349999905,5.300000191,5.300000191,151502
2023-11-16 10:00:00+07:00,5.349999905,5.349999905,5.25,5.300000191,1333600
2023-11-16 10:15:00+07:00,5.25,5.349999905,5.25,5.300000191,1712100
2023-11-16 10:30:00+07:00,5.300000191,5.300000191,5.25,5.300000191,1188113
2023-11-16 10:45:00+07:00,5.300000191,5.300000191,5.25,5.25,898900
2023-11-16 11:00:00+07:00,5.25,5.300000191,5.25,5.300000191,1379400
2023-11-16 11:15:00+07:00,5.300000191,5.5,5.300000191,5.449999809,4481223
2023-11-16 11:30:00+07:00,5.449999809,5.5,5.449999809,5.449999809,593300
2023-11-16 11:45:00+07:00,5.449999809,5.449999809,5.449999809,5.449999809,332700
2023-11-16 12:00:00+07:00,5.449999809,5.5,5.449999809,5.5,2466700
2023-11-16 12:15:00+07:00,5.5,5.5,5.449999809,5.5,2421607
2023-11-16 14:15:00+07:00,5.449999809,5.5,5.449999809,5.449999809,1462348
2023-11-16 14:30:00+07:00,5.449999809,5.5,5.349999905,5.349999905,6043596
2023-11-16 14:45:00+07:00,5.349999905,5.449999809,5.349999905,5.400000095,3934311
2023-11-16 15:00:00+07:00,5.400000095,5.449999809,5.400000095,5.400000095,250700
2023-11-16 15:15:00+07:00,5.400000095,5.449999809,5.400000095,5.400000095,526100
2023-11-16 15:30:00+07:00,5.400000095,5.449999809,5.400000095,5.400000095,1749900
2023-11-16 15:45:00+07:00,5.400000095,5.449999809,5.400000095,5.400000095,2732200
2023-11-16 16:00:00+07:00,5.400000095,5.449999809,5.400000095,5.400000095,790001
2023-11-16 16:15:00+07:00,5.400000095,5.449999809,5.400000095,5.400000095,2149223
2023-11-17 10:00:00+07:00,5.400000095,5.449999809,5.349999905,5.449999809,683023
2023-11-17 10:15:00+07:00,5.400000095,5.449999809,5.400000095,5.449999809,47300
2023-11-17 10:30:00+07:00,5.449999809,5.5,5.400000095,5.400000095,1062951
2023-11-17 10:45:00+07:00,5.449999809,5.449999809,5.400000095,5.400000095,125800
2023-11-17 11:00:00+07:00,5.400000095,5.5,5.400000095,5.5,405900
2023-11-17 11:15:00+07:00,5.449999809,5.5,5.449999809,5.5,1243600
2023-11-17 11:30:00+07:00,5.449999809,5.5,5.449999809,5.449999809,188025
2023-11-17 11:45:00+07:00,5.5,5.5,5.449999809,5.449999809,175900
2023-11-17 12:00:00+07:00,5.449999809,5.5,5.400000095,5.449999809,1147400
2023-11-17 12:15:00+07:00,5.400000095,5.449999809,5.400000095,5.400000095,356000
2023-11-17 14:15:00+07:00,5.400000095,5.449999809,5.400000095,5.449999809,62800
2023-11-17 14:30:00+07:00,5.400000095,5.449999809,5.400000095,5.449999809,158700
2023-11-17 14:45:00+07:00,5.400000095,5.449999809,5.400000095,5.400000095,184333
2023-11-17 15:00:00+07:00,5.400000095,5.449999809,5.400000095,5.400000095,176400
2023-11-17 15:15:00+07:00,5.400000095,5.449999809,5.349999905,5.349999905,618300
2023-11-17 15:30:00+07:00,5.349999905,5.449999809,5.349999905,5.400000095,1240100
2023-11-17 15:45:00+07:00,5.400000095,5.449999809,5.400000095,5.400000095,29000
2023-11-17 16:00:00+07:00,5.449999809,5.449999809,5.400000095,5.400000095,356702
2023-11-17 16:15:00+07:00,5.400000095,5.449999809,5.400000095,5.400000095,444476
2023-11-20 10:00:00+07:00,5.449999809,5.449999809,5.400000095,5.449999809,43400
2023-11-20 10:15:00+07:00,5.449999809,5.449999809,5.400000095,5.449999809,108901
2023-11-20 10:30:00+07:00,5.449999809,5.449999809,5.349999905,5.400000095,976635
2023-11-20 10:45:00+07:00,5.400000095,5.449999809,5.349999905,5.449999809,771200
2023-11-20 11:00:00+07:00,5.449999809,5.449999809,5.400000095,5.449999809,32503
2023-11-20 11:15:00+07:00,5.449999809,5.449999809,5.400000095,5.449999809,68900
2023-11-20 11:30:00+07:00,5.400000095,5.5,5.400000095,5.5,861400
2023-11-20 11:45:00+07:00,5.5,5.5,5.449999809,5.5,32834
2023-11-20 12:00:00+07:00,5.5,5.550000191,5.449999809,5.5,2649900
2023-11-20 12:15:00+07:00,5.5,5.5,5.449999809,5.5,183500
2023-11-20 14:15:00+07:00,5.449999809,5.5,5.449999809,5.5,152500
2023-11-20 14:30:00+07:00,5.5,5.5,5.449999809,5.5,326430
2023-11-20 14:45:00+07:00,5.449999809,5.5,5.449999809,5.5,378900
2023-11-20 15:00:00+07:00,5.449999809,5.5,5.449999809,5.5,265100
2023-11-20 15:15:00+07:00,5.5,5.5,5.449999809,5.449999809,46300
2023-11-20 15:30:00+07:00,5.5,5.5,5.449999809,5.5,203700
2023-11-20 15:45:00+07:00,5.449999809,5.5,5.449999809,5.5,2059952
2023-11-20 16:00:00+07:00,5.5,5.5,5.449999809,5.5,101220
2023-11-20 16:15:00+07:00,5.5,5.550000191,5.449999809,5.550000191,939100
2023-11-21 10:00:00+07:00,5.550000191,5.550000191,5.5,5.5,90614
2023-11-21 10:15:00+07:00,5.5,5.550000191,5.449999809,5.5,1673400
2023-11-21 10:30:00+07:00,5.5,5.550000191,5.449999809,5.5,661301
2023-11-21 10:45:00+07:00,5.550000191,5.550000191,5.5,5.5,2144601
2023-11-21 11:00:00+07:00,5.550000191,5.550000191,5.5,5.550000191,92520
2023-11-21 11:15:00+07:00,5.550000191,5.550000191,5.5,5.550000191,331100
2023-11-21 11:30:00+07:00,5.550000191,5.550000191,5.5,5.5,136900
2023-11-21 11:45:00+07:00,5.550000191,5.550000191,5.5,5.5,325900
2023-11-21 12:00:00+07:00,5.550000191,5.550000191,5.5,5.5,444700
2023-11-21 12:15:00+07:00,5.550000191,5.550000191,5.5,5.5,758000
2023-11-21 14:15:00+07:00,5.550000191,5.550000191,5.5,5.5,130100
2023-11-21 14:30:00+07:00,5.5,5.550000191,5.400000095,5.400000095,2637520
2023-11-21 14:45:00+07:00,5.400000095,5.449999809,5.349999905,5.349999905,2005401
2023-11-21 15:00:00+07:00,5.349999905,5.449999809,5.349999905,5.400000095,935900
2023-11-21 15:15:00+07:00,5.449999809,5.449999809,5.400000095,5.400000095,88500
2023-11-21 15:30:00+07:00,5.449999809,5.449999809,5.349999905,5.400000095,2541701
2023-11-21 15:45:00+07:00,5.400000095,5.449999809,5.349999905,5.400000095,2312540
2023-11-21 16:00:00+07:00,5.400000095,5.5,5.400000095,5.449999809,2830801
2023-11-21 16:15:00+07:00,5.5,5.550000191,5.449999809,5.550000191,3335040
2023-11-22 10:00:00+07:00,5.400000095,5.449999809,5.349999905,5.400000095,1478000
2023-11-22 10:15:00+07:00,5.449999809,5.449999809,5.349999905,5.349999905,3538125
2023-11-22 10:30:00+07:00,5.400000095,5.400000095,5.349999905,5.400000095,127000
2023-11-22 10:45:00+07:00,5.349999905,5.400000095,5.349999905,5.400000095,11700
2023-11-22 11:00:00+07:00,5.400000095,5.400000095,5.349999905,5.349999905,2239302
2023-11-22 11:15:00+07:00,5.349999905,5.400000095,5.300000191,5.349999905,1920635
2023-11-22 11:30:00+07:00,5.349999905,5.349999905,5.300000191,5.349999905,899500
2023-11-22 11:45:00+07:00,5.349999905,5.349999905,5.300000191,5.349999905,25300
2023-11-22 12:00:00+07:00,5.349999905,5.349999905,5.300000191,5.300000191,60206
2023-11-22 12:15:00+07:00,5.349999905,5.349999905,5.300000191,5.300000191,556400
2023-11-22 14:15:00+07:00,5.349999905,5.349999905,5.300000191,5.349999905,1024300
2023-11-22 14:30:00+07:00,5.300000191,5.349999905,5.300000191,5.300000191,87500
2023-11-22 14:45:00+07:00,5.349999905,5.349999905,5.300000191,5.300000191,56500
2023-11-22 15:00:00+07:00,5.349999905,5.349999905,5.300000191,5.300000191,189000
2023-11-22 15:15:00+07:00,5.349999905,5.349999905,5.300000191,5.300000191,2546500
2023-11-22 15:30:00+07:00,5.300000191,5.349999905,5.300000191,5.349999905,67654
2023-11-22 15:45:00+07:00,5.349999905,5.349999905,5.300000191,5.300000191,85801
2023-11-22 16:00:00+07:00,5.349999905,5.349999905,5.300000191,5.300000191,113700
2023-11-22 16:15:00+07:00,5.300000191,5.349999905,5.300000191,5.349999905,602204
2023-11-23 10:00:00+07:00,5.349999905,5.400000095,5.349999905,5.400000095,900
2023-11-23 10:15:00+07:00,5.349999905,5.400000095,5.349999905,5.400000095,10900
2023-11-23 10:30:00+07:00,5.400000095,5.449999809,5.349999905,5.400000095,1242300
2023-11-23 10:45:00+07:00,5.400000095,5.400000095,5.349999905,5.349999905,966600
2023-11-23 11:00:00+07:00,5.349999905,5.349999905,5.349999905,5.349999905,367703
2023-11-23 11:15:00+07:00,5.349999905,5.400000095,5.300000191,5.300000191,2477000
2023-11-23 11:30:00+07:00,5.300000191,5.349999905,5.300000191,5.300000191,39000
2023-11-23 11:45:00+07:00,5.300000191,5.300000191,5.300000191,5.300000191,12713
2023-11-23 12:00:00+07:00,5.300000191,5.349999905,5.300000191,5.300000191,192719
2023-11-23 12:15:00+07:00,5.300000191,5.300000191,5.300000191,5.300000191,650200
2023-11-23 14:15:00+07:00,5.300000191,5.349999905,5.300000191,5.300000191,2066800
2023-11-23 14:30:00+07:00,5.25,5.300000191,5.25,5.25,645400
2023-11-23 14:45:00+07:00,5.25,5.25,5.199999809,5.199999809,2599300
2023-11-23 15:00:00+07:00,5.25,5.300000191,5.25,5.300000191,626800
2023-11-23 15:15:00+07:00,5.300000191,5.300000191,5.25,5.25,217900
2023-11-23 15:30:00+07:00,5.25,5.25,5.25,5.25,215500
2023-11-23 15:45:00+07:00,5.25,5.300000191,5.25,5.25,1282000
2023-11-23 16:00:00+07:00,5.25,5.25,5.25,5.25,375400
2023-11-23 16:15:00+07:00,5.25,5.349999905,5.25,5.300000191,1828007
2023-11-24 10:00:00+07:00,5.349999905,5.400000095,5.300000191,5.400000095,474602
2023-11-24 10:15:00+07:00,5.400000095,5.400000095,5.349999905,5.400000095,1485700
2023-11-24 10:30:00+07:00,5.349999905,5.400000095,5.349999905,5.400000095,30900
2023-11-24 10:45:00+07:00,5.349999905,5.400000095,5.300000191,5.300000191,1016100
2023-11-24 11:00:00+07:00,5.300000191,5.349999905,5.300000191,5.349999905,27601
2023-11-24 11:15:00+07:00,5.300000191,5.349999905,5.300000191,5.349999905,39100
2023-11-24 11:30:00+07:00,5.300000191,5.349999905,5.300000191,5.300000191,344802
2023-11-24 11:45:00+07:00,5.300000191,5.349999905,5.300000191,5.300000191,12600
2023-11-24 12:00:00+07:00,5.300000191,5.349999905,5.300000191,5.349999905,32620
2023-11-24 12:15:00+07:00,5.349999905,5.349999905,5.300000191,5.300000191,11900
2023-11-24 14:15:00+07:00,5.400000095,5.400000095,5.349999905,5.400000095,1624700
2023-11-24 14:30:00+07:00,5.349999905,5.400000095,5.349999905,5.349999905,617500
2023-11-24 14:45:00+07:00,5.349999905,5.349999905,5.300000191,5.349999905,21400
2023-11-24 15:00:00+07:00,5.300000191,5.349999905,5.300000191,5.349999905,60800
2023-11-24 15:15:00+07:00,5.300000191,5.400000095,5.300000191,5.349999905,2123701
2023-11-24 15:30:00+07:00,5.349999905,5.349999905,5.300000191,5.300000191,44001
2023-11-24 15:45:00+07:00,5.300000191,5.349999905,5.300000191,5.300000191,15801
2023-11-24 16:00:00+07:00,5.300000191,5.349999905,5.300000191,5.300000191,112200
2023-11-24 16:15:00+07:00,5.300000191,5.349999905,5.300000191,5.349999905,1005400
2023-11-27 10:00:00+07:00,5.150000095,5.199999809,5.099999905,5.150000095,1791000
2023-11-27 10:15:00+07:00,5.199999809,5.199999809,5.099999905,5.150000095,1867500
2023-11-27 10:30:00+07:00,5.099999905,5.199999809,5.099999905,5.150000095,967500
2023-11-27 10:45:00+07:00,5.150000095,5.199999809,5.099999905,5.199999809,724500
2023-11-27 11:00:00+07:00,5.150000095,5.199999809,5.099999905,5.199999809,1550616
2023-11-27 11:15:00+07:00,5.199999809,5.25,5.150000095,5.150000095,1620440
2023-11-27 11:30:00+07:00,5.150000095,5.199999809,5.150000095,5.199999809,17600
2023-11-27 11:45:00+07:00,5.150000095,5.199999809,5.150000095,5.199999809,44400
2023-11-27 12:00:00+07:00,5.150000095,5.199999809,5.150000095,5.150000095,2052200
2023-11-27 12:15:00+07:00,5.150000095,5.199999809,5.150000095,5.199999809,233900
2023-11-27 14:15:00+07:00,5.150000095,5.199999809,5.150000095,5.199999809,365400
2023-11-27 14:30:00+07:00,5.150000095,5.25,5.150000095,5.25,947401
2023-11-27 14:45:00+07:00,5.199999809,5.25,5.199999809,5.25,595601
2023-11-27 15:00:00+07:00,5.199999809,5.25,5.199999809,5.25,1340503
2023-11-27 15:15:00+07:00,5.199999809,5.25,5.199999809,5.25,159703
2023-11-27 15:30:00+07:00,5.25,5.25,5.199999809,5.25,158700
2023-11-27 15:45:00+07:00,5.25,5.25,5.199999809,5.25,774704
2023-11-27 16:00:00+07:00,5.25,5.25,5.199999809,5.25,304439
2023-11-27 16:15:00+07:00,5.199999809,5.25,5.199999809,5.25,1111700
2023-11-28 10:00:00+07:00,5.300000191,5.300000191,5.25,5.25,27300
2023-11-28 10:15:00+07:00,5.25,5.300000191,5.25,5.300000191,492500
2023-11-28 10:30:00+07:00,5.300000191,5.300000191,5.199999809,5.25,342031
2023-11-28 10:45:00+07:00,5.199999809,5.349999905,5.199999809,5.300000191,1161000
2023-11-28 11:00:00+07:00,5.25,5.300000191,5.25,5.300000191,79200
2023-11-28 11:15:00+07:00,5.300000191,5.300000191,5.25,5.300000191,25100
2023-11-28 11:30:00+07:00,5.300000191,5.300000191,5.25,5.300000191,366900
2023-11-28 11:45:00+07:00,5.25,5.349999905,5.25,5.349999905,1483905
2023-11-28 12:00:00+07:00,5.300000191,5.349999905,5.300000191,5.349999905,50300
2023-11-28 12:15:00+07:00,5.349999905,5.349999905,5.300000191,5.349999905,78400
2023-11-28 14:15:00+07:00,5.349999905,5.349999905,5.300000191,5.349999905,173400
2023-11-28 14:30:00+07:00,5.300000191,5.349999905,5.300000191,5.349999905,41187
2023-11-28 14:45:00+07:00,5.300000191,5.400000095,5.300000191,5.349999905,1261700
2023-11-28 15:00:00+07:00,5.349999905,5.349999905,5.300000191,5.349999905,623300
2023-11-28 15:15:00+07:00,5.300000191,5.349999905,5.300000191,5.349999905,373500
2023-11-28 15:30:00+07:00,5.349999905,5.349999905,5.300000191,5.349999905,368600
2023-11-28 15:45:00+07:00,5.349999905,5.349999905,5.300000191,5.349999905,1519302
2023-11-28 16:00:00+07:00,5.300000191,5.349999905,5.300000191,5.349999905,30250
2023-11-28 16:15:00+07:00,5.300000191,5.349999905,5.25,5.349999905,802902
2023-11-29 10:00:00+07:00,5.25,5.300000191,5.25,5.25,138100
2023-11-29 10:15:00+07:00,5.199999809,5.25,5.199999809,5.25,52300
2023-11-29 10:30:00+07:00,5.25,5.25,5.199999809,5.25,107700
2023-11-29 10:45:00+07:00,5.25,5.300000191,5.199999809,5.300000191,451172
2023-11-29 11:00:00+07:00,5.300000191,5.300000191,5.300000191,5.300000191,682500
2023-11-29 11:15:00+07:00,5.25,5.300000191,5.25,5.300000191,83500
2023-11-29 11:30:00+07:00,5.25,5.300000191,5.25,5.300000191,53015
2023-11-29 11:45:00+07:00,5.25,5.300000191,5.25,5.300000191,53100
2023-11-29 12:00:00+07:00,5.25,5.300000191,5.199999809,5.25,981300
2023-11-29 12:15:00+07:00,5.300000191,5.300000191,5.25,5.300000191,248000
2023-11-29 14:15:00+07:00,5.25,5.300000191,5.25,5.300000191,178500
2023-11-29 14:30:00+07:00,5.25,5.300000191,5.25,5.25,658800
2023-11-29 14:45:00+07:00,5.300000191,5.300000191,5.25,5.300000191,79700
2023-11-29 15:00:00+07:00,5.25,5.300000191,5.199999809,5.25,155400
2023-11-29 15:15:00+07:00,5.199999809,5.300000191,5.199999809,5.25,854444
2023-11-29 15:30:00+07:00,5.300000191,5.300000191,5.25,5.25,293402
2023-11-29 15:45:00+07:00,5.300000191,5.300000191,5.25,5.300000191,222700
2023-11-29 16:00:00+07:00,5.300000191,5.300000191,5.25,5.300000191,302400
2023-11-29 16:15:00+07:00,5.25,5.300000191,5.25,5.300000191,186900
2023-11-30 10:00:00+07:00,5.25,5.300000191,5.199999809,5.300000191,583200
2023-11-30 10:15:00+07:00,5.25,5.25,5.199999809,5.25,242200
2023-11-30 10:30:00+07:00,5.25,5.25,5.199999809,5.25,22700
2023-11-30 10:45:00+07:00,5.25,5.25,5.199999809,5.25,28500
2023-11-30 11:00:00+07:00,5.199999809,5.25,5.199999809,5.25,11232
2023-11-30 11:15:00+07:00,5.199999809,5.25,5.199999809,5.199999809,509400
2023-11-30 11:30:00+07:00,5.25,5.25,5.199999809,5.199999809,467200
2023-11-30 11:45:00+07:00,5.199999809,5.25,5.199999809,5.25,43500
2023-11-30 12:00:00+07:00,5.25,5.25,5.199999809,5.25,39600
2023-11-30 12:15:00+07:00,5.25,5.25,5.199999809,5.25,1148400
2023-11-30 14:15:00+07:00,5.25,5.25,5.199999809,5.199999809,227300
2023-11-30 14:30:00+07:00,5.199999809,5.25,5.150000095,5.25,382300
2023-11-30 14:45:00+07:00,5.199999809,5.25,5.199999809,5.25,23001
2023-11-30 15:00:00+07:00,5.25,5.25,5.199999809,5.25,34500
2023-11-30 15:15:00+07:00,5.199999809,5.25,5.150000095,5.199999809,372200
2023-11-30 15:30:00+07:00,5.150000095,5.199999809,5.150000095,5.199999809,208800
2023-11-30 15:45:00+07:00,5.150000095,5.199999809,5.150000095,5.199999809,85196
2023-11-30 16:00:00+07:00,5.150000095,5.199999809,5.150000095,5.199999809,572041
2023-11-30 16:15:00+07:00,5.199999809,5.25,5.150000095,5.199999809,1192300
2023-12-01 10:00:00+07:00,5.199999809,5.199999809,5.050000191,5.099999905,4936120
2023-12-01 10:15:00+07:00,5.099999905,5.150000095,5.099999905,5.099999905,146100
2023-12-01 10:30:00+07:00,5.150000095,5.199999809,5.099999905,5.199999809,561500
2023-12-01 10:45:00+07:00,5.199999809,5.199999809,5.199999809,5.199999809,15001
2023-12-01 11:00:00+07:00,5.199999809,5.199999809,5.150000095,5.199999809,46700
2023-12-01 11:15:00+07:00,5.199999809,5.199999809,5.150000095,5.199999809,42900
2023-12-01 11:30:00+07:00,5.150000095,5.199999809,5.150000095,5.150000095,26800
2023-12-01 11:45:00+07:00,5.150000095,5.199999809,5.150000095,5.199999809,63600
2023-12-01 12:00:00+07:00,5.199999809,5.199999809,5.150000095,5.199999809,101600
2023-12-01 12:15:00+07:00,5.199999809,5.199999809,5.150000095,5.150000095,55000
2023-12-01 14:15:00+07:00,5.199999809,5.199999809,5.150000095,5.150000095,77800
2023-12-01 14:30:00+07:00,5.199999809,5.199999809,5.099999905,5.150000095,754100
2023-12-01 14:45:00+07:00,5.099999905,5.150000095,5.099999905,5.099999905,245426
2023-12-01 15:00:00+07:00,5.099999905,5.150000095,5.050000191,5.099999905,1556700
2023-12-01 15:15:00+07:00,5.150000095,5.150000095,5.099999905,5.150000095,20200
2023-12-01 15:30:00+07:00,5.150000095,5.150000095,5.099999905,5.150000095,363700
2023-12-01 15:45:00+07:00,5.150000095,5.150000095,5.099999905,5.150000095,49600
2023-12-01 16:00:00+07:00,5.099999905,5.150000095,5.099999905,5.099999905,343454
2023-12-01 16:15:00+07:00,5.150000095,5.150000095,5.099999905,5.150000095,233500
2023-12-04 10:00:00+07:00,5.150000095,5.150000095,5.099999905,5.150000095,89600
2023-12-04 10:15:00+07:00,5.150000095,5.150000095,5.099999905,5.150000095,537065
2023-12-04 10:30:00+07:00,5.150000095,5.150000095,5.099999905,5.150000095,185309
2023-12-04 10:45:00+07:00,5.150000095,5.199999809,5.150000095,5.150000095,29100
2023-12-04 11:00:00+07:00,5.150000095,5.199999809,5.150000095,5.199999809,7702
2023-12-04 11:15:00+07:00,5.150000095,5.199999809,5.150000095,5.199999809,27900
2023-12-04 11:30:00+07:00,5.199999809,5.199999809,5.099999905,5.099999905,335000
2023-12-04 11:45:00+07:00,5.150000095,5.150000095,5.099999905,5.150000095,309305
2023-12-04 12:00:00+07:00,5.150000095,5.150000095,5.099999905,5.099999905,23604
2023-12-04 12:15:00+07:00,5.099999905,5.099999905,5.099999905,5.099999905,27101
2023-12-04 14:15:00+07:00,5.099999905,5.150000095,5.099999905,5.150000095,389500
2023-12-04 14:30:00+07:00,5.099999905,5.150000095,5.099999905,5.150000095,448500
2023-12-04 14:45:00+07:00,5.099999905,5.150000095,5.050000191,5.099999905,3631400
2023-12-04 15:00:00+07:00,5.099999905,5.099999905,5.099999905,5.099999905,1463400
2023-12-04 15:15:00+07:00,5.099999905,5.099999905,5.050000191,5.050000191,1045800
2023-12-04 15:30:00+07:00,5.099999905,5.099999905,5.050000191,5.099999905,902460
2023-12-04 15:45:00+07:00,5.099999905,5.099999905,5.050000191,5.050000191,565100
2023-12-04 16:00:00+07:00,5.099999905,5.099999905,5.050000191,5.050000191,178300
2023-12-04 16:15:00+07:00,5.050000191,5.099999905,5.050000191,5.050000191,1207700
2023-12-06 10:00:00+07:00,5.050000191,5.199999809,5.050000191,5.150000095,1266819
2023-12-06 10:15:00+07:00,5.150000095,5.150000095,5.099999905,5.150000095,217800
2023-12-06 10:30:00+07:00,5.150000095,5.150000095,5.099999905,5.150000095,369200
2023-12-06 10:45:00+07:00,5.150000095,5.199999809,5.099999905,5.199999809,1495201
2023-12-06 11:00:00+07:00,5.199999809,5.25,5.150000095,5.199999809,943700
2023-12-06 11:15:00+07:00,5.199999809,5.199999809,5.150000095,5.199999809,27500
2023-12-06 11:30:00+07:00,5.199999809,5.25,5.199999809,5.25,1981500
2023-12-06 11:45:00+07:00,5.25,5.25,5.199999809,5.25,558900
2023-12-06 12:00:00+07:00,5.25,5.25,5.199999809,5.199999809,321118
2023-12-06 12:15:00+07:00,5.199999809,5.25,5.199999809,5.25,27800
2023-12-06 14:15:00+07:00,5.199999809,5.300000191,5.199999809,5.25,2414200
2023-12-06 14:30:00+07:00,5.25,5.300000191,5.25,5.25,877523
2023-12-06 14:45:00+07:00,5.300000191,5.300000191,5.25,5.300000191,63100
2023-12-06 15:00:00+07:00,5.25,5.300000191,5.25,5.25,498000
2023-12-06 15:15:00+07:00,5.300000191,5.300000191,5.25,5.300000191,938900
2023-12-06 15:30:00+07:00,5.300000191,5.300000191,5.25,5.25,68600
2023-12-06 15:45:00+07:00,5.300000191,5.300000191,5.25,5.25,101900
2023-12-06 16:00:00+07:00,5.300000191,5.300000191,5.25,5.25,1795250
2023-12-06 16:15:00+07:00,5.25,5.300000191,5.25,5.300000191,265932
2023-12-07 10:00:00+07:00,5.300000191,5.300000191,5.199999809,5.25,28400
2023-12-07 10:15:00+07:00,5.25,5.300000191,5.199999809,5.300000191,601405
2023-12-07 10:30:00+07:00,5.300000191,5.300000191,5.25,5.300000191,25800
2023-12-07 10:45:00+07:00,5.300000191,5.300000191,5.199999809,5.25,883940
2023-12-07 11:00:00+07:00,5.25,5.25,5.199999809,5.25,19800
2023-12-07 11:15:00+07:00,5.25,5.300000191,5.199999809,5.25,467521
2023-12-07 11:30:00+07:00,5.25,5.25,5.25,5.25,7400
2023-12-07 11:45:00+07:00,5.25,5.25,5.199999809,5.25,49400
2023-12-07 12:00:00+07:00,5.25,5.25,5.199999809,5.25,7769
2023-12-07 12:15:00+07:00,5.25,5.25,5.199999809,5.25,104200
2023-12-07 14:15:00+07:00,5.25,5.300000191,5.25,5.25,724200
2023-12-07 14:30:00+07:00,5.199999809,5.25,5.199999809,5.25,160600
2023-12-07 14:45:00+07:00,5.199999809,5.25,5.199999809,5.25,28600
2023-12-07 15:00:00+07:00,5.199999809,5.25,5.199999809,5.25,104600
2023-12-07 15:15:00+07:00,5.199999809,5.25,5.199999809,5.25,21886
2023-12-07 15:30:00+07:00,5.25,5.25,5.199999809,5.25,10400
2023-12-07 15:45:00+07:00,5.25,5.25,5.199999809,5.25,285112
2023-12-07 16:00:00+07:00,5.25,5.25,5.199999809,5.25,104000
2023-12-07 16:15:00+07:00,5.25,5.25,5.199999809,5.25,69000
2023-12-08 10:00:00+07:00,5.199999809,5.25,5.199999809,5.199999809,1600
2023-12-08 10:15:00+07:00,5.199999809,5.25,5.199999809,5.25,20475
2023-12-08 10:30:00+07:00,5.199999809,5.25,5.199999809,5.199999809,4205
2023-12-08 10:45:00+07:00,5.199999809,5.25,5.199999809,5.199999809,139400
2023-12-08 11:00:00+07:00,5.199999809,5.25,5.199999809,5.199999809,9800
2023-12-08 11:15:00+07:00,5.199999809,5.25,5.150000095,5.199999809,910701
2023-12-08 11:30:00+07:00,5.199999809,5.199999809,5.199999809,5.199999809,210200
2023-12-08 11:45:00+07:00,5.199999809,5.25,5.199999809,5.199999809,373100
2023-12-08 12:00:00+07:00,5.199999809,5.199999809,5.199999809,5.199999809,18100
2023-12-08 12:15:00+07:00,5.25,5.25,5.199999809,5.25,19000
2023-12-08 14:15:00+07:00,5.199999809,5.25,5.199999809,5.25,39100
2023-12-08 14:30:00+07:00,5.199999809,5.199999809,5.199999809,5.199999809,2580500
2023-12-08 14:45:00+07:00,5.199999809,5.199999809,5.199999809,5.199999809,41200
2023-12-08 15:00:00+07:00,5.199999809,5.199999809,5.199999809,5.199999809,43300
2023-12-08 15:15:00+07:00,5.199999809,5.199999809,5.199999809,5.199999809,24300
2023-12-08 15:30:00+07:00,5.199999809,5.199999809,5.199999809,5.199999809,46100
2023-12-08 15:45:00+07:00,5.199999809,5.25,5.199999809,5.199999809,58600
2023-12-08 16:00:00+07:00,5.199999809,5.25,5.199999809,5.199999809,96800
2023-12-08 16:15:00+07:00,5.199999809,5.25,5.199999809,5.199999809,130200
2023-12-12 10:00:00+07:00,5.150000095,5.150000095,5.050000191,5.150000095,1197000
2023-12-12 10:15:00+07:00,5.150000095,5.199999809,5.150000095,5.150000095,1998800
2023-12-12 10:30:00+07:00,5.150000095,5.150000095,5.099999905,5.150000095,30800
2023-12-12 10:45:00+07:00,5.150000095,5.25,5.099999905,5.199999809,3457400
2023-12-12 11:00:00+07:00,5.199999809,5.25,5.150000095,5.150000095,2518501
2023-12-12 11:15:00+07:00,5.150000095,5.150000095,5.150000095,5.150000095,2057400
2023-12-12 11:30:00+07:00,5.150000095,5.150000095,5.099999905,5.099999905,8300
2023-12-12 11:45:00+07:00,5.099999905,5.150000095,5.099999905,5.099999905,7710
2023-12-12 12:00:00+07:00,5.099999905,5.150000095,5.099999905,5.150000095,321801
2023-12-12 12:15:00+07:00,5.099999905,5.099999905,5.099999905,5.099999905,9700
2023-12-12 14:15:00+07:00,5.099999905,5.099999905,5.099999905,5.099999905,7700
2023-12-12 14:30:00+07:00,5.099999905,5.099999905,5.099999905,5.099999905,36609
2023-12-12 14:45:00+07:00,5.099999905,5.150000095,5.099999905,5.099999905,57100
2023-12-12 15:00:00+07:00,5.099999905,5.150000095,5.099999905,5.150000095,2022180
2023-12-12 15:15:00+07:00,5.099999905,5.150000095,5.099999905,5.150000095,2926000
2023-12-12 15:30:00+07:00,5.150000095,5.25,5.150000095,5.199999809,4699001
2023-12-12 15:45:00+07:00,5.199999809,5.199999809,5.150000095,5.199999809,4413200
2023-12-12 16:00:00+07:00,5.199999809,5.199999809,5.199999809,5.199999809,1421700
2023-12-12 16:15:00+07:00,5.199999809,5.199999809,5.150000095,5.150000095,376102
2023-12-13 10:00:00+07:00,5.150000095,5.150000095,5.050000191,5.050000191,468400
2023-12-13 10:15:00+07:00,5.050000191,5.099999905,5.050000191,5.099999905,94107
2023-12-13 10:30:00+07:00,5.099999905,5.099999905,5,5.050000191,1776100
2023-12-13 10:45:00+07:00,5.050000191,5.050000191,5,5,98700
2023-12-13 11:00:00+07:00,5,5.050000191,5,5,1502402
2023-12-13 11:15:00+07:00,5.050000191,5.050000191,5,5,83100
2023-12-13 11:30:00+07:00,5,5,5,5,22401
2023-12-13 11:45:00+07:00,5,5.099999905,5,5.050000191,1286700
2023-12-13 12:00:00+07:00,5.050000191,5.050000191,5,5.050000191,689668
2023-12-13 12:15:00+07:00,5.050000191,5.050000191,5,5,349100
2023-12-13 14:15:00+07:00,5,5.050000191,5,5,51800
2023-12-13 14:30:00+07:00,5,5.050000191,5,5,210200
2023-12-13 14:45:00+07:00,5,5,5,5,296900
2023-12-13 15:00:00+07:00,5,5.050000191,5,5.050000191,1652900
2023-12-13 15:15:00+07:00,5.050000191,5.099999905,5.050000191,5.050000191,174200
2023-12-13 15:30:00+07:00,5.050000191,5.050000191,5.050000191,5.050000191,215402
2023-12-13 15:45:00+07:00,5.050000191,5.050000191,5.050000191,5.050000191,32900
2023-12-13 16:00:00+07:00,5.050000191,5.099999905,5.050000191,5.050000191,370900
2023-12-13 16:15:00+07:00,5.050000191,5.099999905,5.050000191,5.050000191,978100
2023-12-14 10:00:00+07:00,5.150000095,5.25,5.150000095,5.199999809,423200
2023-12-14 10:15:00+07:00,5.199999809,5.199999809,5.150000095,5.199999809,5471
2023-12-14 10:30:00+07:00,5.199999809,5.199999809,5.199999809,5.199999809,1000
2023-12-14 10:45:00+07:00,5.150000095,5.199999809,5.150000095,5.150000095,38400
2023-12-14 11:00:00+07:00,5.150000095,5.199999809,5.150000095,5.150000095,321801
2023-12-14 11:15:00+07:00,5.199999809,5.25,5.199999809,5.199999809,954928
2023-12-14 11:30:00+07:00,5.150000095,5.199999809,5.150000095,5.150000095,14800
2023-12-14 11:45:00+07:00,5.150000095,5.199999809,5.150000095,5.150000095,1198117
2023-12-14 12:00:00+07:00,5.150000095,5.150000095,5.150000095,5.150000095,30310
2023-12-14 12:15:00+07:00,5.150000095,5.199999809,5.150000095,5.199999809,139800
2023-12-14 14:15:00+07:00,5.150000095,5.150000095,5.150000095,5.150000095,101600
2023-12-14 14:30:00+07:00,5.150000095,5.150000095,5.150000095,5.150000095,57115
2023-12-14 14:45:00+07:00,5.150000095,5.199999809,5.150000095,5.150000095,59500
2023-12-14 15:00:00+07:00,5.150000095,5.150000095,5.150000095,5.150000095,157000
2023-12-14 15:15:00+07:00,5.150000095,5.199999809,5.150000095,5.150000095,52400
2023-12-14 15:30:00+07:00,5.150000095,5.199999809,5.150000095,5.150000095,85500
2023-12-14 15:45:00+07:00,5.150000095,5.150000095,5.150000095,5.150000095,307706
2023-12-14 16:00:00+07:00,5.099999905,5.150000095,5.099999905,5.099999905,210608
2023-12-14 16:15:00+07:00,5.099999905,5.150000095,5.099999905,5.099999905,191900
2023-12-15 10:00:00+07:00,5.199999809,5.199999809,5.150000095,5.199999809,189600
2023-12-15 10:15:00+07:00,5.199999809,5.199999809,5.150000095,5.150000095,36000
2023-12-15 10:30:00+07:00,5.150000095,5.199999809,5.150000095,5.150000095,101000
2023-12-15 10:45:00+07:00,5.150000095,5.25,5.150000095,5.25,938900
2023-12-15 11:00:00+07:00,5.199999809,5.25,5.199999809,5.199999809,32300
2023-12-15 11:15:00+07:00,5.199999809,5.25,5.199999809,5.199999809,43301
2023-12-15 11:30:00+07:00,5.25,5.25,5.199999809,5.199999809,82224
2023-12-15 11:45:00+07:00,5.199999809,5.25,5.150000095,5.199999809,947900
2023-12-15 12:00:00+07:00,5.199999809,5.199999809,5.150000095,5.150000095,82100
2023-12-15 12:15:00+07:00,5.150000095,5.199999809,5.150000095,5.199999809,27000
2023-12-15 14:15:00+07:00,5.150000095,5.199999809,5.150000095,5.199999809,53700
2023-12-15 14:30:00+07:00,5.150000095,5.150000095,5.150000095,5.150000095,21300
2023-12-15 14:45:00+07:00,5.199999809,5.199999809,5.150000095,5.150000095,124600
2023-12-15 15:00:00+07:00,5.199999809,5.199999809,5.150000095,5.150000095,68100
2023-12-15 15:15:00+07:00,5.150000095,5.199999809,5.150000095,5.150000095,42300
2023-12-15 15:30:00+07:00,5.150000095,5.199999809,5.150000095,5.150000095,47003
2023-12-15 15:45:00+07:00,5.150000095,5.199999809,5.150000095,5.150000095,88500
2023-12-15 16:00:00+07:00,5.150000095,5.199999809,5.150000095,5.150000095,229085
2023-12-15 16:15:00+07:00,5.150000095,5.199999809,5.150000095,5.150000095,264900
2023-12-18 10:00:00+07:00,5.150000095,5.150000095,5.099999905,5.099999905,8000
2023-12-18 10:15:00+07:00,5.150000095,5.150000095,5.099999905,5.099999905,23273
2023-12-18 10:30:00+07:00,5.099999905,5.099999905,5.099999905,5.099999905,37600
2023-12-18 10:45:00+07:00,5.099999905,5.150000095,5.050000191,5.099999905,708303
2023-12-18 11:00:00+07:00,5.099999905,5.099999905,5.050000191,5.050000191,188900
2023-12-18 11:15:00+07:00,5.099999905,5.099999905,5.050000191,5.050000191,62100
2023-12-18 11:30:00+07:00,5.050000191,5.099999905,5.050000191,5.099999905,60000
2023-12-18 11:45:00+07:00,5.099999905,5.099999905,5.050000191,5.050000191,297800
2023-12-18 12:00:00+07:00,5.099999905,5.099999905,5.050000191,5.050000191,187600
2023-12-18 12:15:00+07:00,5.050000191,5.099999905,5.050000191,5.050000191,105600
2023-12-18 14:15:00+07:00,5.050000191,5.099999905,5.050000191,5.050000191,78600
2023-12-18 14:30:00+07:00,5.050000191,5.099999905,5.050000191,5.050000191,47300
2023-12-18 14:45:00+07:00,5.050000191,5.099999905,5.050000191,5.099999905,1120400
2023-12-18 15:00:00+07:00,5.099999905,5.199999809,5.099999905,5.150000095,2015600
2023-12-18 15:15:00+07:00,5.199999809,5.199999809,5.150000095,5.150000095,112910
2023-12-18 15:30:00+07:00,5.199999809,5.199999809,5.150000095,5.199999809,28900
2023-12-18 15:45:00+07:00,5.199999809,5.199999809,5.099999905,5.150000095,1809900
2023-12-18 16:00:00+07:00,5.150000095,5.199999809,5.150000095,5.199999809,155007
2023-12-18 16:15:00+07:00,5.150000095,5.199999809,5.150000095,5.150000095,250500
2023-12-19 10:00:00+07:00,5.150000095,5.150000095,5.099999905,5.099999905,400
2023-12-19 10:15:00+07:00,5.150000095,5.150000095,5.099999905,5.099999905,121000
2023-12-19 10:30:00+07:00,5.099999905,5.150000095,5.099999905,5.099999905,29303
2023-12-19 10:45:00+07:00,5.099999905,5.150000095,5.099999905,5.099999905,40910
2023-12-19 11:00:00+07:00,5.099999905,5.099999905,5.099999905,5.099999905,22801
2023-12-19 11:15:00+07:00,5.099999905,5.150000095,5.099999905,5.099999905,63800
2023-12-19 11:30:00+07:00,5.099999905,5.099999905,5.099999905,5.099999905,56501
2023-12-19 11:45:00+07:00,5.099999905,5.099999905,5.099999905,5.099999905,47004
2023-12-19 12:00:00+07:00,5.099999905,5.099999905,5.099999905,5.099999905,42200
2023-12-19 12:15:00+07:00,5.099999905,5.150000095,5.099999905,5.099999905,67701
2023-12-19 14:15:00+07:00,5.099999905,5.150000095,5.099999905,5.150000095,73900
2023-12-19 14:30:00+07:00,5.099999905,5.099999905,5.050000191,5.050000191,766700
2023-12-19 14:45:00+07:00,5.050000191,5.099999905,5.050000191,5.050000191,951200
2023-12-19 15:00:00+07:00,5.050000191,5.099999905,5.050000191,5.099999905,230600
2023-12-19 15:15:00+07:00,5.099999905,5.150000095,5.050000191,5.099999905,807921
2023-12-19 15:30:00+07:00,5.150000095,5.150000095,5.050000191,5.050000191,673700
2023-12-19 15:45:00+07:00,5.050000191,5.099999905,5.050000191,5.050000191,83200
2023-12-19 16:00:00+07:00,5.099999905,5.099999905,5.050000191,5.050000191,87500
2023-12-19 16:15:00+07:00,5.050000191,5.099999905,5.050000191,5.050000191,786700
2023-12-20 10:00:00+07:00,5.050000191,5.099999905,5.050000191,5.099999905,45000
2023-12-20 10:15:00+07:00,5.050000191,5.150000095,5.050000191,5.150000095,833813
2023-12-20 10:30:00+07:00,5.150000095,5.150000095,5.099999905,5.150000095,659400
2023-12-20 10:45:00+07:00,5.150000095,5.199999809,5.099999905,5.150000095,1090600
2023-12-20 11:00:00+07:00,5.150000095,5.150000095,5.150000095,5.150000095,16800
2023-12-20 11:15:00+07:00,5.150000095,5.150000095,5.099999905,5.099999905,354312
2023-12-20 11:30:00+07:00,5.099999905,5.099999905,5.099999905,5.099999905,30800
2023-12-20 11:45:00+07:00,5.099999905,5.099999905,5.099999905,5.099999905,13700
2023-12-20 12:00:00+07:00,5.099999905,5.099999905,5.099999905,5.099999905,28900
2023-12-20 12:15:00+07:00,5.099999905,5.150000095,5.099999905,5.150000095,873000
2023-12-20 14:15:00+07:00,5.099999905,5.099999905,5.099999905,5.099999905,917000
2023-12-20 14:30:00+07:00,5.150000095,5.150000095,5.099999905,5.099999905,386417
2023-12-20 14:45:00+07:00,5.099999905,5.099999905,5.050000191,5.050000191,8300
2023-12-20 15:00:00+07:00,5.050000191,5.099999905,5.050000191,5.099999905,717600
2023-12-20 15:15:00+07:00,5.099999905,5.099999905,5.099999905,5.099999905,101025
2023-12-20 15:30:00+07:00,5.050000191,5.050000191,5.050000191,5.050000191,9100
2023-12-20 15:45:00+07:00,5.050000191,5.050000191,5.050000191,5.050000191,24500
2023-12-20 16:00:00+07:00,5.050000191,5.050000191,5.050000191,5.050000191,105300
2023-12-20 16:15:00+07:00,5.050000191,5.099999905,5.050000191,5.050000191,754081
2023-12-21 10:00:00+07:00,5.099999905,5.099999905,5.050000191,5.050000191,221800
2023-12-21 10:15:00+07:00,5.050000191,5.050000191,5.050000191,5.050000191,43700
2023-12-21 10:30:00+07:00,5.050000191,5.099999905,5.050000191,5.050000191,269300
2023-12-21 10:45:00+07:00,5.099999905,5.099999905,5.050000191,5.050000191,333900
2023-12-21 11:00:00+07:00,5.050000191,5.050000191,5,5.050000191,3119717
2023-12-21 11:15:00+07:00,5.050000191,5.099999905,5.050000191,5.050000191,76600
2023-12-21 11:30:00+07:00,5.050000191,5.050000191,5.050000191,5.050000191,30000
2023-12-21 11:45:00+07:00,5.050000191,5.099999905,5.050000191,5.050000191,141500
2023-12-21 12:00:00+07:00,5.050000191,5.099999905,5.050000191,5.050000191,34800
2023-12-21 12:15:00+07:00,5.099999905,5.099999905,5.050000191,5.050000191,113105
2023-12-21 14:15:00+07:00,5.050000191,5.099999905,5.050000191,5.050000191,57900
2023-12-21 14:30:00+07:00,5.050000191,5.099999905,5.050000191,5.050000191,9810
2023-12-21 14:45:00+07:00,5.050000191,5.099999905,5.050000191,5.099999905,47402
2023-12-21 15:00:00+07:00,5.099999905,5.099999905,5.050000191,5.099999905,55001
2023-12-21 15:15:00+07:00,5.099999905,5.099999905,5.050000191,5.050000191,157300
2023-12-21 15:30:00+07:00,5.050000191,5.099999905,5.050000191,5.099999905,153700
2023-12-21 15:45:00+07:00,5.099999905,5.099999905,5.050000191,5.050000191,137600
2023-12-21 16:00:00+07:00,5.099999905,5.099999905,5.050000191,5.050000191,168800
2023-12-21 16:15:00+07:00,5.099999905,5.099999905,5.050000191,5.099999905,166310
2023-12-22 10:00:00+07:00,5.099999905,5.099999905,5.099999905,5.099999905,251500
2023-12-22 10:15:00+07:00,5.099999905,5.150000095,5.099999905,5.099999905,437100
2023-12-22 10:30:00+07:00,5.099999905,5.150000095,5.099999905,5.099999905,308700
2023-12-22 10:45:00+07:00,5.099999905,5.150000095,5.099999905,5.150000095,5800
2023-12-22 11:00:00+07:00,5.099999905,5.150000095,5.099999905,5.150000095,15824
2023-12-22 11:15:00+07:00,5.150000095,5.150000095,5.099999905,5.099999905,8300
2023-12-22 11:30:00+07:00,5.150000095,5.150000095,5.099999905,5.099999905,114600
2023-12-22 11:45:00+07:00,5.099999905,5.099999905,5.099999905,5.099999905,11200
2023-12-22 12:00:00+07:00,5.150000095,5.150000095,5.099999905,5.099999905,23807
2023-12-22 12:15:00+07:00,5.099999905,5.099999905,5.099999905,5.099999905,18619
2023-12-22 14:15:00+07:00,5.099999905,5.099999905,5.099999905,5.099999905,2563700
2023-12-22 14:30:00+07:00,5.099999905,5.099999905,5.050000191,5.099999905,64900
2023-12-22 14:45:00+07:00,5.099999905,5.099999905,5.099999905,5.099999905,500
2023-12-22 15:00:00+07:00,5.050000191,5.099999905,5.050000191,5.099999905,543200
2023-12-22 15:15:00+07:00,5.099999905,5.099999905,5.099999905,5.099999905,6021
2023-12-22 15:30:00+07:00,5.099999905,5.150000095,5.099999905,5.099999905,38100
2023-12-22 15:45:00+07:00,5.099999905,5.150000095,5.099999905,5.150000095,1610200
2023-12-22 16:00:00+07:00,5.099999905,5.099999905,5.099999905,5.099999905,696600
2023-12-22 16:15:00+07:00,5.099999905,5.150000095,5.099999905,5.099999905,101100
2023-12-25 10:00:00+07:00,5.099999905,5.099999905,5.099999905,5.099999905,85900
2023-12-25 10:15:00+07:00,5.099999905,5.099999905,5.099999905,5.099999905,529600
2023-12-25 10:30:00+07:00,5.150000095,5.150000095,5.150000095,5.150000095,1100
2023-12-25 10:45:00+07:00,5.150000095,5.150000095,5.099999905,5.099999905,4700
2023-12-25 11:00:00+07:00,5.099999905,5.099999905,5.099999905,5.099999905,8000
2023-12-25 11:15:00+07:00,5.099999905,5.150000095,5.099999905,5.099999905,29300
2023-12-25 11:30:00+07:00,5.099999905,5.099999905,5.099999905,5.099999905,19600
2023-12-25 11:45:00+07:00,5.150000095,5.150000095,5.150000095,5.150000095,2049608
2023-12-25 12:00:00+07:00,5.150000095,5.199999809,5.150000095,5.150000095,647700
2023-12-25 12:15:00+07:00,5.150000095,5.199999809,5.150000095,5.150000095,64100
2023-12-25 14:15:00+07:00,5.150000095,5.150000095,5.150000095,5.150000095,53000
2023-12-25 14:30:00+07:00,5.150000095,5.150000095,5.150000095,5.150000095,706400
2023-12-25 14:45:00+07:00,5.199999809,5.199999809,5.199999809,5.199999809,11310
2023-12-25 15:00:00+07:00,5.199999809,5.199999809,5.199999809,5.199999809,6220
2023-12-25 15:15:00+07:00,5.150000095,5.25,5.150000095,5.199999809,2107100
2023-12-25 15:30:00+07:00,5.199999809,5.25,5.199999809,5.199999809,332100
2023-12-25 15:45:00+07:00,5.199999809,5.25,5.199999809,5.199999809,147600
2023-12-25 16:00:00+07:00,5.199999809,5.25,5.199999809,5.25,50700
2023-12-25 16:15:00+07:00,5.25,5.25,5.199999809,5.25,1988911
2023-12-26 10:00:00+07:00,5.25,5.25,5.150000095,5.150000095,57600
2023-12-26 10:15:00+07:00,5.150000095,5.199999809,5.150000095,5.199999809,196201
2023-12-26 10:30:00+07:00,5.199999809,5.199999809,5.150000095,5.150000095,189700
2023-12-26 10:45:00+07:00,5.199999809,5.199999809,5.150000095,5.199999809,945400
2023-12-26 11:00:00+07:00,5.199999809,5.199999809,5.150000095,5.150000095,279300
2023-12-26 11:15:00+07:00,5.150000095,5.199999809,5.150000095,5.150000095,148500
2023-12-26 11:30:00+07:00,5.199999809,5.199999809,5.150000095,5.150000095,388200
2023-12-26 11:45:00+07:00,5.199999809,5.199999809,5.150000095,5.199999809,154300
2023-12-26 12:00:00+07:00,5.150000095,5.199999809,5.150000095,5.199999809,35200
2023-12-26 12:15:00+07:00,5.150000095,5.199999809,5.150000095,5.199999809,592460
2023-12-26 14:15:00+07:00,5.150000095,5.199999809,5.150000095,5.199999809,68701
2023-12-26 14:30:00+07:00,5.199999809,5.199999809,5.150000095,5.150000095,2300
2023-12-26 14:45:00+07:00,5.150000095,5.150000095,5.150000095,5.150000095,3700
2023-12-26 15:00:00+07:00,5.150000095,5.199999809,5.150000095,5.199999809,160530
2023-12-26 15:15:00+07:00,5.199999809,5.199999809,5.150000095,5.199999809,1348000
2023-12-26 15:30:00+07:00,5.199999809,5.199999809,5.199999809,5.199999809,117020
2023-12-26 15:45:00+07:00,5.199999809,5.199999809,5.150000095,5.199999809,203900
2023-12-26 16:00:00+07:00,5.150000095,5.199999809,5.150000095,5.199999809,333700
2023-12-26 16:15:00+07:00,5.150000095,5.199999809,5.150000095,5.150000095,579500
2023-12-27 10:00:00+07:00,5.25,5.25,5.199999809,5.25,83223
2023-12-27 10:15:00+07:00,5.25,5.25,5.199999809,5.199999809,1981725
2023-12-27 10:30:00+07:00,5.199999809,5.199999809,5.199999809,5.199999809,25900
2023-12-27 10:45:00+07:00,5.199999809,5.199999809,5.199999809,5.199999809,12100
2023-12-27 11:00:00+07:00,5.199999809,5.199999809,5.150000095,5.150000095,405200
2023-12-27 11:15:00+07:00,5.150000095,5.199999809,5.150000095,5.199999809,72405
2023-12-27 11:30:00+07:00,5.150000095,5.199999809,5.150000095,5.199999809,154800
2023-12-27 11:45:00+07:00,5.199999809,5.25,5.199999809,5.25,920200
2023-12-27 12:00:00+07:00,5.199999809,5.199999809,5.199999809,5.199999809,222500
2023-12-27 12:15:00+07:00,5.199999809,5.25,5.199999809,5.199999809,28500
2023-12-27 14:15:00+07:00,5.199999809,5.199999809,5.199999809,5.199999809,364500
2023-12-27 14:30:00+07:00,5.199999809,5.199999809,5.199999809,5.199999809,1278000
2023-12-27 14:45:00+07:00,5.199999809,5.199999809,5.199999809,5.199999809,7200
2023-12-27 15:00:00+07:00,5.25,5.300000191,5.25,5.300000191,1633200
2023-12-27 15:15:00+07:00,5.25,5.25,5.25,5.25,351200
2023-12-27 15:30:00+07:00,5.25,5.25,5.25,5.25,495705
2023-12-27 15:45:00+07:00,5.25,5.300000191,5.25,5.300000191,1072100
2023-12-27 16:00:00+07:00,5.300000191,5.300000191,5.199999809,5.25,831600
2023-12-27 16:15:00+07:00,5.199999809,5.25,5.199999809,5.199999809,579425
2023-12-28 10:00:00+07:00,5.199999809,5.199999809,5.199999809,5.199999809,684700
2023-12-28 10:15:00+07:00,5.25,5.25,5.199999809,5.199999809,311806
2023-12-28 10:30:00+07:00,5.199999809,5.199999809,5.199999809,5.199999809,3102
2023-12-28 10:45:00+07:00,5.199999809,5.199999809,5.199999809,5.199999809,12514
2023-12-28 11:00:00+07:00,5.150000095,5.199999809,5.150000095,5.199999809,49408
2023-12-28 11:15:00+07:00,5.199999809,5.199999809,5.150000095,5.199999809,37200
2023-12-28 11:30:00+07:00,5.199999809,5.25,5.199999809,5.25,420800
2023-12-28 11:45:00+07:00,5.25,5.25,5.199999809,5.25,6100
2023-12-28 12:00:00+07:00,5.25,5.25,5.199999809,5.25,18700
2023-12-28 12:15:00+07:00,5.25,5.25,5.199999809,5.199999809,45923
2023-12-28 14:15:00+07:00,5.199999809,5.199999809,5.199999809,5.199999809,71000
2023-12-28 14:30:00+07:00,5.25,5.300000191,5.25,5.25,2605606
2023-12-28 14:45:00+07:00,5.25,5.25,5.25,5.25,787832
2023-12-28 15:00:00+07:00,5.25,5.25,5.25,5.25,251700
2023-12-28 15:15:00+07:00,5.300000191,5.300000191,5.300000191,5.300000191,101604
2023-12-28 15:30:00+07:00,5.300000191,5.300000191,5.25,5.25,119900
2023-12-28 15:45:00+07:00,5.25,5.300000191,5.25,5.25,76418
2023-12-28 16:00:00+07:00,5.25,5.300000191,5.199999809,5.25,1122200
2023-12-28 16:15:00+07:00,5.25,5.25,5.199999809,5.25,951400
2024-01-03 10:00:00+07:00,5.150000095,5.25,5.099999905,5.25,4035701
2024-01-03 10:15:00+07:00,5.25,5.300000191,5.199999809,5.300000191,873337
2024-01-03 10:30:00+07:00,5.300000191,5.400000095,5.25,5.400000095,2050158
2024-01-03 10:45:00+07:00,5.400000095,5.400000095,5.25,5.25,2187504
2024-01-03 11:00:00+07:00,5.300000191,5.349999905,5.25,5.349999905,829519
2024-01-03 11:15:00+07:00,5.349999905,5.349999905,5.300000191,5.349999905,36909
2024-01-03 11:30:00+07:00,5.349999905,5.349999905,5.300000191,5.300000191,1065100
2024-01-03 11:45:00+07:00,5.300000191,5.349999905,5.300000191,5.300000191,1382100
2024-01-03 12:00:00+07:00,5.300000191,5.300000191,5.25,5.300000191,577400
2024-01-03 12:15:00+07:00,5.25,5.300000191,5.25,5.300000191,338300
2024-01-03 14:15:00+07:00,5.300000191,5.300000191,5.199999809,5.199999809,1313200
2024-01-03 14:30:00+07:00,5.25,5.25,5.199999809,5.25,465600
2024-01-03 14:45:00+07:00,5.25,5.25,5.199999809,5.25,264100
2024-01-03 15:00:00+07:00,5.199999809,5.25,5.150000095,5.150000095,1801000
2024-01-03 15:15:00+07:00,5.199999809,5.199999809,5.150000095,5.199999809,216200
2024-01-03 15:30:00+07:00,5.199999809,5.199999809,5.150000095,5.150000095,80800
2024-01-03 15:45:00+07:00,5.199999809,5.199999809,5.099999905,5.199999809,3943700
2024-01-03 16:00:00+07:00,5.199999809,5.25,5.199999809,5.25,174864
2024-01-03 16:15:00+07:00,5.199999809,5.25,5.150000095,5.199999809,1993100
2024-01-04 10:00:00+07:00,5.25,5.300000191,5.25,5.300000191,376500
2024-01-04 10:15:00+07:00,5.300000191,5.349999905,5.25,5.349999905,1443102
2024-01-04 10:30:00+07:00,5.349999905,5.349999905,5.25,5.25,2248302
2024-01-04 10:45:00+07:00,5.25,5.25,5.199999809,5.25,674601
2024-01-04 11:00:00+07:00,5.25,5.25,5.25,5.25,108312
2024-01-04 11:15:00+07:00,5.25,5.25,5.199999809,5.25,73800
2024-01-04 11:30:00+07:00,5.25,5.25,5.25,5.25,8405
2024-01-04 11:45:00+07:00,5.25,5.25,5.25,5.25,42100
2024-01-04 12:00:00+07:00,5.25,5.25,5.199999809,5.25,309067
2024-01-04 12:15:00+07:00,5.199999809,5.25,5.199999809,5.25,287200
2024-01-04 14:15:00+07:00,5.25,5.25,5.199999809,5.199999809,66508
2024-01-04 14:30:00+07:00,5.25,5.25,5.199999809,5.25,239100
2024-01-04 14:45:00+07:00,5.25,5.300000191,5.25,5.300000191,1151709
2024-01-04 15:00:00+07:00,5.300000191,5.349999905,5.25,5.300000191,1688939
2024-01-04 15:15:00+07:00,5.300000191,5.349999905,5.25,5.300000191,1517400
2024-01-04 15:30:00+07:00,5.300000191,5.300000191,5.300000191,5.300000191,41006
2024-01-04 15:45:00+07:00,5.300000191,5.300000191,5.25,5.300000191,24860
2024-01-04 16:00:00+07:00,5.25,5.300000191,5.25,5.300000191,330120
2024-01-04 16:15:00+07:00,5.300000191,5.349999905,5.25,5.349999905,1685441
2024-01-05 10:00:00+07:00,5.300000191,5.300000191,5.25,5.25,837403
2024-01-05 10:15:00+07:00,5.300000191,5.300000191,5.199999809,5.300000191,1892000
2024-01-05 10:30:00+07:00,5.300000191,5.300000191,5.25,5.25,22711
2024-01-05 10:45:00+07:00,5.25,5.300000191,5.25,5.25,89600
2024-01-05 11:00:00+07:00,5.25,5.300000191,5.199999809,5.25,1745746
2024-01-05 11:15:00+07:00,5.25,5.300000191,5.199999809,5.199999809,4815501
2024-01-05 11:30:00+07:00,5.199999809,5.25,5.199999809,5.25,168200
2024-01-05 11:45:00+07:00,5.25,5.300000191,5.199999809,5.25,539268
2024-01-05 12:00:00+07:00,5.25,5.25,5.199999809,5.25,1530900
2024-01-05 12:15:00+07:00,5.199999809,5.25,5.199999809,5.25,270600
2024-01-05 14:15:00+07:00,5.25,5.25,5.199999809,5.199999809,590800
2024-01-05 14:30:00+07:00,5.199999809,5.25,5.199999809,5.199999809,1276230
2024-01-05 14:45:00+07:00,5.199999809,5.25,5.199999809,5.199999809,115400
2024-01-05 15:00:00+07:00,5.199999809,5.25,5.199999809,5.199999809,168500
2024-01-05 15:15:00+07:00,5.199999809,5.25,5.199999809,5.199999809,317900
2024-01-05 15:30:00+07:00,5.25,5.25,5.199999809,5.199999809,362100
2024-01-05 15:45:00+07:00,5.25,5.25,5.199999809,5.199999809,175800
2024-01-05 16:00:00+07:00,5.25,5.25,5.199999809,5.199999809,1028400
2024-01-05 16:15:00+07:00,5.199999809,5.25,5.199999809,5.25,538400
