Datetime,Open,High,Low,Close,Volume,Dividends,Stock Splits
2023-11-06 10:00:00+07:00,8.050000191,8.050000191,8,8.050000191,187700,0,0
2023-11-06 10:15:00+07:00,8,8.050000191,7.949999809,8,2217900,0,0
2023-11-06 10:30:00+07:00,8,8,7.900000095,7.949999809,4709220,0,0
2023-11-06 10:45:00+07:00,7.949999809,7.949999809,7.949999809,7.949999809,285806,0,0
2023-11-06 11:00:00+07:00,7.949999809,8,7.900000095,7.949999809,6822380,0,0
2023-11-06 11:15:00+07:00,7.949999809,8,7.949999809,7.949999809,474511,0,0
2023-11-06 11:30:00+07:00,8,8,7.949999809,7.949999809,36706,0,0
2023-11-06 11:45:00+07:00,7.949999809,8,7.949999809,7.949999809,26300,0,0
2023-11-06 12:00:00+07:00,7.949999809,8,7.949999809,7.949999809,237900,0,0
2023-11-06 12:15:00+07:00,7.949999809,8,7.949999809,7.949999809,201000,0,0
2023-11-06 14:15:00+07:00,7.949999809,8,7.949999809,7.949999809,113400,0,0
2023-11-06 14:30:00+07:00,7.949999809,8,7.900000095,7.949999809,3024603,0,0
2023-11-06 14:45:00+07:00,7.949999809,8,7.949999809,7.949999809,93100,0,0
2023-11-06 15:00:00+07:00,7.949999809,8,7.900000095,8,1329700,0,0
2023-11-06 15:15:00+07:00,8,8,7.900000095,7.949999809,636000,0,0
2023-11-06 15:30:00+07:00,7.900000095,7.949999809,7.900000095,7.949999809,79500,0,0
2023-11-06 15:45:00+07:00,7.949999809,7.949999809,7.900000095,7.949999809,208403,0,0
2023-11-06 16:00:00+07:00,7.900000095,7.949999809,7.900000095,7.900000095,307806,0,0
2023-11-06 16:15:00+07:00,7.900000095,7.949999809,7.900000095,7.949999809,456300,0,0
2023-11-07 10:00:00+07:00,7.949999809,7.949999809,7.849999905,7.900000095,262100,0,0
2023-11-07 10:15:00+07:00,7.900000095,7.900000095,7.849999905,7.849999905,64802,0,0
2023-11-07 10:30:00+07:00,7.849999905,7.900000095,7.849999905,7.900000095,49000,0,0
2023-11-07 10:45:00+07:00,7.900000095,7.949999809,7.849999905,7.949999809,727700,0,0
2023-11-07 11:00:00+07:00,7.949999809,7.949999809,7.900000095,7.949999809,122200,0,0
2023-11-07 11:15:00+07:00,7.949999809,7.949999809,7.900000095,7.949999809,27643,0,0
2023-11-07 11:30:00+07:00,7.900000095,7.949999809,7.900000095,7.900000095,25200,0,0
2023-11-07 11:45:00+07:00,7.900000095,7.949999809,7.900000095,7.949999809,29900,0,0
2023-11-07 12:00:00+07:00,7.900000095,7.949999809,7.900000095,7.949999809,31201,0,0
2023-11-07 12:15:00+07:00,7.900000095,7.949999809,7.900000095,7.900000095,41300,0,0
2023-11-07 14:15:00+07:00,7.900000095,7.949999809,7.900000095,7.949999809,31900,0,0
2023-11-07 14:30:00+07:00,7.949999809,7.949999809,7.900000095,7.900000095,42100,0,0
2023-11-07 14:45:00+07:00,7.900000095,7.949999809,7.849999905,7.849999905,572623,0,0
2023-11-07 15:00:00+07:00,7.849999905,7.900000095,7.849999905,7.900000095,29300,0,0
2023-11-07 15:15:00+07:00,7.849999905,7.900000095,7.849999905,7.900000095,55820,0,0
2023-11-07 15:30:00+07:00,7.849999905,7.900000095,7.849999905,7.849999905,37093,0,0
2023-11-07 15:45:00+07:00,7.849999905,7.949999809,7.849999905,7.849999905,1009800,0,0
2023-11-07 16:00:00+07:00,7.849999905,7.949999809,7.849999905,7.900000095,603300,0,0
2023-11-07 16:15:00+07:00,7.900000095,7.900000095,7.849999905,7.900000095,70903,0,0
2023-11-08 10:00:00+07:00,7.900000095,7.900000095,7.800000191,7.800000191,1553300,0,0
2023-11-08 10:15:00+07:00,7.800000191,7.900000095,7.75,7.800000191,1732301,0,0
2023-11-08 10:30:00+07:00,7.75,7.800000191,7.75,7.75,1075400,0,0
2023-11-08 10:45:00+07:00,7.800000191,7.800000191,7.75,7.75,539200,0,0
2023-11-08 11:00:00+07:00,7.75,7.800000191,7.699999809,7.75,456800,0,0
2023-11-08 11:15:00+07:00,7.75,7.75,7.699999809,7.699999809,47700,0,0
2023-11-08 11:30:00+07:00,7.699999809,7.75,7.699999809,7.75,45800,0,0
2023-11-08 11:45:00+07:00,7.699999809,7.75,7.699999809,7.75,197850,0,0
2023-11-08 12:00:00+07:00,7.75,7.75,7.699999809,7.75,184300,0,0
2023-11-08 12:15:00+07:00,7.75,7.75,7.650000095,7.699999809,1987500,0,0
2023-11-08 14:15:00+07:00,7.699999809,7.699999809,7.699999809,7.699999809,264400,0,0
2023-11-08 14:30:00+07:00,7.699999809,7.699999809,7.599999905,7.650000095,1107423,0,0
2023-11-08 14:45:00+07:00,7.599999905,7.650000095,7.599999905,7.650000095,690423,0,0
2023-11-08 15:00:00+07:00,7.599999905,7.650000095,7.599999905,7.599999905,634000,0,0
2023-11-08 15:15:00+07:00,7.599999905,7.699999809,7.599999905,7.650000095,2925365,0,0
2023-11-08 15:30:00+07:00,7.650000095,7.699999809,7.650000095,7.699999809,547310,0,0
2023-11-08 15:45:00+07:00,7.650000095,7.699999809,7.650000095,7.699999809,143601,0,0
2023-11-08 16:00:00+07:00,7.699999809,7.699999809,7.650000095,7.699999809,264100,0,0
2023-11-08 16:15:00+07:00,7.699999809,7.699999809,7.650000095,7.699999809,1214507,0,0
2023-11-09 10:00:00+07:00,7.650000095,7.650000095,7.550000191,7.599999905,1507600,0,0
2023-11-09 10:15:00+07:00,7.599999905,7.650000095,7.599999905,7.650000095,294800,0,0
2023-11-09 10:30:00+07:00,7.599999905,7.650000095,7.5,7.5,2913206,0,0
2023-11-09 10:45:00+07:00,7.550000191,7.550000191,7.5,7.5,787901,0,0
2023-11-09 11:00:00+07:00,7.5,7.550000191,7.449999809,7.5,520103,0,0
2023-11-09 11:15:00+07:00,7.449999809,7.5,7.449999809,7.5,1378510,0,0
2023-11-09 11:30:00+07:00,7.5,7.5,7.5,7.5,508123,0,0
2023-11-09 11:45:00+07:00,7.5,7.5,7.400000095,7.449999809,1739600,0,0
2023-11-09 12:00:00+07:00,7.449999809,7.449999809,7.400000095,7.400000095,1173367,0,0
2023-11-09 12:15:00+07:00,7.400000095,7.5,7.400000095,7.449999809,2525920,0,0
2023-11-09 14:15:00+07:00,7.449999809,7.5,7.449999809,7.5,2721200,0,0
2023-11-09 14:30:00+07:00,7.5,7.599999905,7.5,7.599999905,880400,0,0
2023-11-09 14:45:00+07:00,7.599999905,7.599999905,7.550000191,7.599999905,1090900,0,0
2023-11-09 15:00:00+07:00,7.599999905,7.699999809,7.550000191,7.650000095,3768745,0,0
2023-11-09 15:15:00+07:00,7.650000095,7.699999809,7.599999905,7.699999809,861716,0,0
2023-11-09 15:30:00+07:00,7.699999809,7.699999809,7.599999905,7.650000095,512417,0,0
2023-11-09 15:45:00+07:00,7.650000095,7.650000095,7.550000191,7.599999905,1096460,0,0
2023-11-09 16:00:00+07:00,7.599999905,7.599999905,7.550000191,7.599999905,60380,0,0
2023-11-09 16:15:00+07:00,7.550000191,7.599999905,7.550000191,7.599999905,917921,0,0
2023-11-10 10:00:00+07:00,7.5,7.599999905,7.449999809,7.599999905,1562500,0,0
2023-11-10 10:15:00+07:00,7.599999905,7.699999809,7.599999905,7.699999809,673810,0,0
2023-11-10 10:30:00+07:00,7.699999809,7.75,7.650000095,7.699999809,1139819,0,0
2023-11-10 10:45:00+07:00,7.75,7.75,7.699999809,7.75,347400,0,0
2023-11-10 11:00:00+07:00,7.75,7.800000191,7.699999809,7.800000191,1602910,0,0
2023-11-10 11:15:00+07:00,7.800000191,7.800000191,7.699999809,7.800000191,2000409,0,0
2023-11-10 11:30:00+07:00,7.800000191,7.800000191,7.75,7.800000191,96100,0,0
2023-11-10 11:45:00+07:00,7.75,7.800000191,7.75,7.800000191,756700,0,0
2023-11-10 12:00:00+07:00,7.800000191,7.849999905,7.75,7.800000191,540400,0,0
2023-11-10 12:15:00+07:00,7.800000191,7.800000191,7.699999809,7.75,1699410,0,0
2023-11-10 14:15:00+07:00,7.75,7.75,7.699999809,7.75,67200,0,0
2023-11-10 14:30:00+07:00,7.699999809,7.75,7.699999809,7.75,940310,0,0
2023-11-10 14:45:00+07:00,7.75,7.75,7.699999809,7.75,212018,0,0
2023-11-10 15:00:00+07:00,7.75,7.75,7.650000095,7.75,3242400,0,0
2023-11-10 15:15:00+07:00,7.699999809,7.75,7.699999809,7.75,30408,0,0
2023-11-10 15:30:00+07:00,7.75,7.800000191,7.699999809,7.75,1490100,0,0
2023-11-10 15:45:00+07:00,7.75,7.75,7.699999809,7.699999809,226600,0,0
2023-11-10 16:00:00+07:00,7.75,7.75,7.699999809,7.699999809,778501,0,0
2023-11-10 16:15:00+07:00,7.699999809,7.75,7.699999809,7.75,1189313,0,0
2023-11-13 10:00:00+07:00,7.75,7.75,7.599999905,7.650000095,278304,0,0
2023-11-13 10:15:00+07:00,7.599999905,7.699999809,7.599999905,7.650000095,604209,0,0
2023-11-13 10:30:00+07:00,7.599999905,7.650000095,7.550000191,7.650000095,1756301,0,0
2023-11-13 10:45:00+07:00,7.650000095,7.650000095,7.550000191,7.599999905,362500,0,0
2023-11-13 11:00:00+07:00,7.550000191,7.599999905,7.550000191,7.599999905,1048500,0,0
2023-11-13 11:15:00+07:00,7.550000191,7.650000095,7.5,7.599999905,1918508,0,0
2023-11-13 11:30:00+07:00,7.599999905,7.599999905,7.550000191,7.599999905,277000,0,0
2023-11-13 11:45:00+07:00,7.599999905,7.599999905,7.599999905,7.599999905,700,0,0
2023-11-13 12:00:00+07:00,7.599999905,7.599999905,7.550000191,7.599999905,34400,0,0
2023-11-13 12:15:00+07:00,7.550000191,7.599999905,7.5,7.550000191,445124,0,0
2023-11-13 14:15:00+07:00,7.550000191,7.550000191,7.5,7.550000191,1114600,0,0
2023-11-13 14:30:00+07:00,7.550000191,7.599999905,7.550000191,7.599999905,681600,0,0
2023-11-13 14:45:00+07:00,7.550000191,7.599999905,7.550000191,7.599999905,105700,0,0
2023-11-13 15:00:00+07:00,7.599999905,7.599999905,7.550000191,7.599999905,81100,0,0
2023-11-13 15:15:00+07:00,7.599999905,7.599999905,7.550000191,7.599999905,284800,0,0
2023-11-13 15:30:00+07:00,7.599999905,7.599999905,7.550000191,7.599999905,184300,0,0
2023-11-13 15:45:00+07:00,7.550000191,7.599999905,7.550000191,7.550000191,896700,0,0
2023-11-13 16:00:00+07:00,7.550000191,7.550000191,7.5,7.5,1141699,0,0
2023-11-13 16:15:00+07:00,7.5,7.550000191,7.5,7.550000191,1203912,0,0
2023-11-14 10:00:00+07:00,7.699999809,7.900000095,7.650000095,7.75,1328110,0,0
2023-11-14 10:15:00+07:00,7.800000191,7.849999905,7.800000191,7.800000191,1581512,0,0
2023-11-14 10:30:00+07:00,7.800000191,7.849999905,7.800000191,7.849999905,760420,0,0
2023-11-14 10:45:00+07:00,7.800000191,7.900000095,7.800000191,7.900000095,2513663,0,0
2023-11-14 11:00:00+07:00,7.949999809,7.949999809,7.900000095,7.949999809,1053722,0,0
2023-11-14 11:15:00+07:00,7.949999809,8,7.900000095,7.949999809,1415213,0,0
2023-11-14 11:30:00+07:00,7.949999809,8,7.949999809,7.949999809,5284437,0,0
2023-11-14 11:45:00+07:00,7.949999809,7.949999809,7.900000095,7.900000095,823206,0,0
2023-11-14 12:00:00+07:00,7.949999809,7.949999809,7.900000095,7.900000095,146000,0,0
2023-11-14 12:15:00+07:00,7.949999809,7.949999809,7.900000095,7.949999809,84800,0,0
2023-11-14 14:15:00+07:00,7.949999809,7.949999809,7.900000095,7.949999809,727400,0,0
2023-11-14 14:30:00+07:00,7.949999809,7.949999809,7.900000095,7.949999809,104500,0,0
2023-11-14 14:45:00+07:00,7.949999809,8,7.949999809,7.949999809,1525720,0,0
2023-11-14 15:00:00+07:00,7.949999809,8,7.949999809,7.949999809,402837,0,0
2023-11-14 15:15:00+07:00,8,8,7.949999809,8,1194300,0,0
2023-11-14 15:30:00+07:00,8,8,7.949999809,8,357300,0,0
2023-11-14 15:45:00+07:00,8,8.050000191,7.949999809,8.050000191,2374816,0,0
2023-11-14 16:00:00+07:00,8.050000191,8.100000381,8,8.100000381,1455336,0,0
2023-11-14 16:15:00+07:00,8.100000381,8.100000381,8.050000191,8.100000381,1369132,0,0
2023-11-15 10:00:00+07:00,8.100000381,8.100000381,8.050000191,8.100000381,31501,0,0
2023-11-15 10:15:00+07:00,8.100000381,8.149999619,8.050000191,8.100000381,1132409,0,0
2023-11-15 10:30:00+07:00,8.100000381,8.149999619,8.100000381,8.149999619,870332,0,0
2023-11-15 10:45:00+07:00,8.100000381,8.149999619,8.050000191,8.050000191,2277005,0,0
2023-11-15 11:00:00+07:00,8.100000381,8.100000381,8,8.050000191,4070502,0,0
2023-11-15 11:15:00+07:00,8.050000191,8.100000381,8.050000191,8.100000381,923701,0,0
2023-11-15 11:30:00+07:00,8.100000381,8.149999619,8.100000381,8.100000381,1697201,0,0
2023-11-15 11:45:00+07:00,8.100000381,8.149999619,8.100000381,8.100000381,551081,0,0
2023-11-15 12:00:00+07:00,8.100000381,8.149999619,8.050000191,8.149999619,684000,0,0
2023-11-15 12:15:00+07:00,8.149999619,8.149999619,8.100000381,8.149999619,486426,0,0
2023-11-15 14:15:00+07:00,8.100000381,8.100000381,8.100000381,8.100000381,41800,0,0
2023-11-15 14:30:00+07:00,8.149999619,8.199999809,8.100000381,8.149999619,1281401,0,0
2023-11-15 14:45:00+07:00,8.149999619,8.149999619,8.050000191,8.100000381,1542027,0,0
2023-11-15 15:00:00+07:00,8.100000381,8.100000381,8.050000191,8.050000191,453517,0,0
2023-11-15 15:15:00+07:00,8.100000381,8.100000381,8.050000191,8.100000381,866100,0,0
2023-11-15 15:30:00+07:00,8.100000381,8.100000381,8,8.100000381,568309,0,0
2023-11-15 15:45:00+07:00,8.100000381,8.100000381,8.050000191,8.100000381,264301,0,0
2023-11-15 16:00:00+07:00,8.050000191,8.149999619,8,8.100000381,1312000,0,0
2023-11-15 16:15:00+07:00,8.100000381,8.100000381,8.050000191,8.100000381,598700,0,0
2023-11-16 10:00:00+07:00,8.100000381,8.149999619,8,8.050000191,319900,0,0
2023-11-16 10:15:00+07:00,8.050000191,8.149999619,8.050000191,8.100000381,3218000,0,0
2023-11-16 10:30:00+07:00,8.100000381,8.149999619,8.050000191,8.050000191,659504,0,0
2023-11-16 10:45:00+07:00,8.100000381,8.100000381,8.050000191,8.100000381,1937500,0,0
2023-11-16 11:00:00+07:00,8.100000381,8.100000381,8.050000191,8.100000381,1263200,0,0
2023-11-16 11:15:00+07:00,8.100000381,8.100000381,8.050000191,8.050000191,296800,0,0
2023-11-16 11:30:00+07:00,8.100000381,8.100000381,8.050000191,8.100000381,170100,0,0
2023-11-16 11:45:00+07:00,8.050000191,8.100000381,8.050000191,8.100000381,128300,0,0
2023-11-16 12:00:00+07:00,8.100000381,8.100000381,8.050000191,8.100000381,158005,0,0
2023-11-16 12:15:00+07:00,8.100000381,8.100000381,8.050000191,8.100000381,103510,0,0
2023-11-16 14:15:00+07:00,8.050000191,8.149999619,8.050000191,8.050000191,765800,0,0
2023-11-16 14:30:00+07:00,8.100000381,8.100000381,8,8.050000191,941407,0,0
2023-11-16 14:45:00+07:00,8.100000381,8.100000381,8.050000191,8.050000191,240509,0,0
2023-11-16 15:00:00+07:00,8.100000381,8.100000381,8,8.050000191,672500,0,0
2023-11-16 15:15:00+07:00,8.050000191,8.100000381,8.050000191,8.100000381,437315,0,0
2023-11-16 15:30:00+07:00,8.100000381,8.100000381,8.050000191,8.100000381,116200,0,0
2023-11-16 15:45:00+07:00,8.100000381,8.100000381,8.050000191,8.100000381,34800,0,0
2023-11-16 16:00:00+07:00,8.100000381,8.100000381,8.050000191,8.100000381,290809,0,0
2023-11-16 16:15:00+07:00,8.100000381,8.100000381,8.050000191,8.100000381,182700,0,0
2023-11-17 10:00:00+07:00,7.949999809,8.050000191,7.949999809,8,1541200,0,0
2023-11-17 10:15:00+07:00,8.050000191,8.100000381,8,8.050000191,411606,0,0
2023-11-17 10:30:00+07:00,8.100000381,8.100000381,8.050000191,8.100000381,303900,0,0
2023-11-17 10:45:00+07:00,8.100000381,8.149999619,8,8.050000191,1714000,0,0
2023-11-17 11:00:00+07:00,8.100000381,8.100000381,8.050000191,8.100000381,277503,0,0
2023-11-17 11:15:00+07:00,8.100000381,8.100000381,8.050000191,8.050000191,1295001,0,0
2023-11-17 11:30:00+07:00,8.100000381,8.100000381,8.050000191,8.100000381,181800,0,0
2023-11-17 11:45:00+07:00,8.100000381,8.100000381,8.050000191,8.050000191,332554,0,0
2023-11-17 12:00:00+07:00,8.100000381,8.100000381,8,8.050000191,580413,0,0
2023-11-17 12:15:00+07:00,8.050000191,8.100000381,8,8.050000191,432500,0,0
2023-11-17 14:15:00+07:00,8.050000191,8.100000381,8,8.100000381,292300,0,0
2023-11-17 14:30:00+07:00,8.050000191,8.100000381,8,8.050000191,502749,0,0
2023-11-17 14:45:00+07:00,8.050000191,8.050000191,8,8.050000191,520510,0,0
2023-11-17 15:00:00+07:00,8.050000191,8.100000381,8,8.100000381,478700,0,0
2023-11-17 15:15:00+07:00,8.100000381,8.100000381,8.050000191,8.050000191,449990,0,0
2023-11-17 15:30:00+07:00,8.100000381,8.100000381,8.050000191,8.100000381,228612,0,0
2023-11-17 15:45:00+07:00,8.100000381,8.149999619,8.100000381,8.100000381,2752821,0,0
2023-11-17 16:00:00+07:00,8.149999619,8.149999619,8.100000381,8.100000381,205703,0,0
2023-11-17 16:15:00+07:00,8.100000381,8.149999619,8.050000191,8.149999619,529500,0,0
2023-11-20 10:00:00+07:00,8.25,8.25,8.100000381,8.149999619,45000,0,0
2023-11-20 10:15:00+07:00,8.149999619,8.149999619,8.149999619,8.149999619,2002,0,0
2023-11-20 10:30:00+07:00,8.100000381,8.149999619,8.050000191,8.149999619,715002,0,0
2023-11-20 10:45:00+07:00,8.149999619,8.149999619,8.100000381,8.149999619,873600,0,0
2023-11-20 11:00:00+07:00,8.199999809,8.25,8.199999809,8.199999809,2309027,0,0
2023-11-20 11:15:00+07:00,8.199999809,8.25,8.199999809,8.199999809,561800,0,0
2023-11-20 11:30:00+07:00,8.199999809,8.25,8.199999809,8.199999809,149801,0,0
2023-11-20 11:45:00+07:00,8.199999809,8.25,8.199999809,8.25,1591713,0,0
2023-11-20 12:00:00+07:00,8.25,8.25,8.199999809,8.199999809,38000,0,0
2023-11-20 12:15:00+07:00,8.25,8.300000191,8.199999809,8.25,596813,0,0
2023-11-20 14:15:00+07:00,8.25,8.25,8.25,8.25,191700,0,0
2023-11-20 14:30:00+07:00,8.25,8.300000191,8.199999809,8.25,703702,0,0
2023-11-20 14:45:00+07:00,8.199999809,8.25,8.199999809,8.25,25200,0,0
2023-11-20 15:00:00+07:00,8.25,8.25,8.199999809,8.199999809,11400,0,0
2023-11-20 15:15:00+07:00,8.25,8.25,8.199999809,8.25,19700,0,0
2023-11-20 15:30:00+07:00,8.25,8.25,8.199999809,8.25,51100,0,0
2023-11-20 15:45:00+07:00,8.199999809,8.25,8.199999809,8.25,969642,0,0
2023-11-20 16:00:00+07:00,8.25,8.25,8.199999809,8.25,643600,0,0
2023-11-20 16:15:00+07:00,8.25,8.25,8.199999809,8.25,725400,0,0
2023-11-21 10:00:00+07:00,8.300000191,8.300000191,8.25,8.300000191,110103,0,0
2023-11-21 10:15:00+07:00,8.25,8.300000191,8.25,8.300000191,132900,0,0
2023-11-21 10:30:00+07:00,8.300000191,8.350000381,8.25,8.300000191,2719615,0,0
2023-11-21 10:45:00+07:00,8.300000191,8.300000191,8.25,8.25,225023,0,0
2023-11-21 11:00:00+07:00,8.300000191,8.300000191,8.25,8.25,49800,0,0
2023-11-21 11:15:00+07:00,8.300000191,8.300000191,8.199999809,8.199999809,785601,0,0
2023-11-21 11:30:00+07:00,8.25,8.300000191,8.25,8.25,517400,0,0
2023-11-21 11:45:00+07:00,8.300000191,8.300000191,8.25,8.25,359301,0,0
2023-11-21 12:00:00+07:00,8.25,8.25,8.199999809,8.25,40620,0,0
2023-11-21 12:15:00+07:00,8.25,8.25,8.199999809,8.199999809,60200,0,0
2023-11-21 14:15:00+07:00,8.25,8.25,8.199999809,8.25,544600,0,0
2023-11-21 14:30:00+07:00,8.25,8.25,8.25,8.25,6300,0,0
2023-11-21 14:45:00+07:00,8.199999809,8.25,8.199999809,8.199999809,31500,0,0
2023-11-21 15:00:00+07:00,8.199999809,8.25,8.199999809,8.25,369000,0,0
2023-11-21 15:15:00+07:00,8.25,8.300000191,8.199999809,8.25,524300,0,0
2023-11-21 15:30:00+07:00,8.199999809,8.25,8.199999809,8.25,90700,0,0
2023-11-21 15:45:00+07:00,8.199999809,8.25,8.199999809,8.199999809,86008,0,0
2023-11-21 16:00:00+07:00,8.25,8.25,8.199999809,8.25,55400,0,0
2023-11-21 16:15:00+07:00,8.199999809,8.300000191,8.199999809,8.25,451107,0,0
2023-11-22 10:00:00+07:00,8.300000191,8.300000191,8.149999619,8.149999619,492700,0,0
2023-11-22 10:15:00+07:00,8.149999619,8.25,8.149999619,8.25,694600,0,0
2023-11-22 10:30:00+07:00,8.25,8.25,8.199999809,8.25,35290,0,0
2023-11-22 10:45:00+07:00,8.25,8.25,8.199999809,8.25,155713,0,0
2023-11-22 11:00:00+07:00,8.25,8.25,8.199999809,8.25,99323,0,0
2023-11-22 11:15:00+07:00,8.25,8.25,8.199999809,8.199999809,16500,0,0
2023-11-22 11:30:00+07:00,8.199999809,8.25,8.149999619,8.199999809,536445,0,0
2023-11-22 11:45:00+07:00,8.149999619,8.25,8.149999619,8.25,483505,0,0
2023-11-22 12:00:00+07:00,8.25,8.25,8.199999809,8.25,52900,0,0
2023-11-22 12:15:00+07:00,8.25,8.25,8.149999619,8.199999809,376300,0,0
2023-11-22 14:15:00+07:00,8.149999619,8.199999809,8.149999619,8.199999809,11600,0,0
2023-11-22 14:30:00+07:00,8.149999619,8.199999809,8.149999619,8.199999809,77601,0,0
2023-11-22 14:45:00+07:00,8.149999619,8.199999809,8.149999619,8.199999809,52000,0,0
2023-11-22 15:00:00+07:00,8.149999619,8.25,8.149999619,8.149999619,576635,0,0
2023-11-22 15:15:00+07:00,8.199999809,8.199999809,8.149999619,8.199999809,65913,0,0
2023-11-22 15:30:00+07:00,8.199999809,8.199999809,8.149999619,8.199999809,13110,0,0
2023-11-22 15:45:00+07:00,8.199999809,8.199999809,8.149999619,8.199999809,127900,0,0
2023-11-22 16:00:00+07:00,8.199999809,8.25,8.199999809,8.25,203100,0,0
2023-11-22 16:15:00+07:00,8.199999809,8.25,8.199999809,8.25,61640,0,0
2023-11-23 10:00:00+07:00,8.149999619,8.199999809,8.100000381,8.100000381,188600,0,0
2023-11-23 10:15:00+07:00,8.149999619,8.199999809,8.149999619,8.199999809,105420,0,0
2023-11-23 10:30:00+07:00,8.199999809,8.199999809,8.199999809,8.199999809,189610,0,0
2023-11-23 10:45:00+07:00,8.199999809,8.199999809,8.149999619,8.149999619,170905,0,0
2023-11-23 11:00:00+07:00,8.149999619,8.199999809,8.149999619,8.149999619,40600,0,0
2023-11-23 11:15:00+07:00,8.149999619,8.199999809,8.149999619,8.149999619,32700,0,0
2023-11-23 11:30:00+07:00,8.149999619,8.199999809,8.149999619,8.199999809,33700,0,0
2023-11-23 11:45:00+07:00,8.149999619,8.199999809,8.149999619,8.149999619,10900,0,0
2023-11-23 12:00:00+07:00,8.149999619,8.199999809,8.149999619,8.149999619,9300,0,0
2023-11-23 12:15:00+07:00,8.149999619,8.199999809,8.149999619,8.149999619,64500,0,0
2023-11-23 14:15:00+07:00,8.149999619,8.149999619,8.149999619,8.149999619,28500,0,0
2023-11-23 14:30:00+07:00,8.199999809,8.199999809,8.149999619,8.149999619,48825,0,0
2023-11-23 14:45:00+07:00,8.149999619,8.199999809,8.149999619,8.149999619,24706,0,0
2023-11-23 15:00:00+07:00,8.199999809,8.199999809,8.199999809,8.199999809,935,0,0
2023-11-23 15:15:00+07:00,8.149999619,8.199999809,8.149999619,8.199999809,13300,0,0
2023-11-23 15:30:00+07:00,8.199999809,8.199999809,8.100000381,8.149999619,1451710,0,0
2023-11-23 15:45:00+07:00,8.199999809,8.199999809,8.149999619,8.149999619,308200,0,0
2023-11-23 16:00:00+07:00,8.149999619,8.199999809,8.149999619,8.149999619,67100,0,0
2023-11-23 16:15:00+07:00,8.149999619,8.199999809,8.149999619,8.149999619,264801,0,0
2023-11-24 10:00:00+07:00,8.149999619,8.199999809,8.149999619,8.149999619,416200,0,0
2023-11-24 10:15:00+07:00,8.199999809,8.199999809,8.149999619,8.149999619,81120,0,0
2023-11-24 10:30:00+07:00,8.149999619,8.199999809,8.100000381,8.149999619,567522,0,0
2023-11-24 10:45:00+07:00,8.100000381,8.149999619,8.100000381,8.149999619,43800,0,0
2023-11-24 11:00:00+07:00,8.149999619,8.149999619,8.100000381,8.149999619,5800,0,0
2023-11-24 11:15:00+07:00,8.100000381,8.149999619,8.050000191,8.050000191,433657,0,0
2023-11-24 11:30:00+07:00,8.050000191,8.149999619,8.050000191,8.100000381,291900,0,0
2023-11-24 11:45:00+07:00,8.149999619,8.149999619,8.100000381,8.149999619,43100,0,0
2023-11-24 12:00:00+07:00,8.149999619,8.149999619,8.100000381,8.149999619,61100,0,0
2023-11-24 12:15:00+07:00,8.149999619,8.149999619,8.149999619,8.149999619,61000,0,0
2023-11-24 14:15:00+07:00,8.149999619,8.149999619,8.149999619,8.149999619,96000,0,0
2023-11-24 14:30:00+07:00,8.149999619,8.199999809,8.100000381,8.149999619,852000,0,0
2023-11-24 14:45:00+07:00,8.149999619,8.199999809,8.149999619,8.149999619,82110,0,0
2023-11-24 15:00:00+07:00,8.199999809,8.199999809,8.149999619,8.199999809,55600,0,0
2023-11-24 15:15:00+07:00,8.199999809,8.199999809,8.149999619,8.199999809,105000,0,0
2023-11-24 15:30:00+07:00,8.199999809,8.199999809,8.149999619,8.199999809,66505,0,0
2023-11-24 15:45:00+07:00,8.199999809,8.199999809,8.149999619,8.199999809,103201,0,0
2023-11-24 16:00:00+07:00,8.199999809,8.199999809,8.149999619,8.199999809,86620,0,0
2023-11-24 16:15:00+07:00,8.199999809,8.199999809,8.149999619,8.149999619,431802,0,0
2023-11-27 10:00:00+07:00,8.100000381,8.100000381,8.050000191,8.100000381,359000,0,0
2023-11-27 10:15:00+07:00,8.100000381,8.100000381,8.100000381,8.100000381,435800,0,0
2023-11-27 10:30:00+07:00,8.149999619,8.149999619,8.100000381,8.149999619,17300,0,0
2023-11-27 10:45:00+07:00,8.149999619,8.149999619,8.100000381,8.149999619,293907,0,0
2023-11-27 11:00:00+07:00,8.100000381,8.199999809,8.100000381,8.199999809,857010,0,0
2023-11-27 11:15:00+07:00,8.199999809,8.199999809,8.149999619,8.149999619,383368,0,0
2023-11-27 11:30:00+07:00,8.149999619,8.199999809,8.149999619,8.149999619,33800,0,0
2023-11-27 11:45:00+07:00,8.149999619,8.149999619,8.149999619,8.149999619,46309,0,0
2023-11-27 12:00:00+07:00,8.199999809,8.199999809,8.149999619,8.149999619,30100,0,0
2023-11-27 12:15:00+07:00,8.149999619,8.199999809,8.149999619,8.199999809,33100,0,0
2023-11-27 14:15:00+07:00,8.149999619,8.149999619,8.100000381,8.149999619,578500,0,0
2023-11-27 14:30:00+07:00,8.149999619,8.199999809,8.100000381,8.199999809,436200,0,0
2023-11-27 14:45:00+07:00,8.149999619,8.199999809,8.149999619,8.149999619,111800,0,0
2023-11-27 15:00:00+07:00,8.199999809,8.199999809,8.149999619,8.149999619,22700,0,0
2023-11-27 15:15:00+07:00,8.149999619,8.199999809,8.149999619,8.199999809,25100,0,0
2023-11-27 15:30:00+07:00,8.149999619,8.199999809,8.100000381,8.100000381,177916,0,0
2023-11-27 15:45:00+07:00,8.149999619,8.149999619,8.100000381,8.100000381,21100,0,0
2023-11-27 16:00:00+07:00,8.100000381,8.149999619,8.100000381,8.149999619,33600,0,0
2023-11-27 16:15:00+07:00,8.100000381,8.149999619,8.100000381,8.149999619,202830,0,0
2023-11-28 10:00:00+07:00,8.149999619,8.199999809,8.050000191,8.100000381,468800,0,0
2023-11-28 10:15:00+07:00,8.100000381,8.149999619,8.050000191,8.149999619,203200,0,0
2023-11-28 10:30:00+07:00,8.149999619,8.149999619,8.149999619,8.149999619,585600,0,0
2023-11-28 10:45:00+07:00,8.149999619,8.149999619,8.100000381,8.149999619,61500,0,0
2023-11-28 11:00:00+07:00,8.149999619,8.149999619,8.100000381,8.100000381,127200,0,0
2023-11-28 11:15:00+07:00,8.100000381,8.149999619,8.100000381,8.100000381,176700,0,0
2023-11-28 11:30:00+07:00,8.100000381,8.149999619,8.050000191,8.100000381,707425,0,0
2023-11-28 11:45:00+07:00,8.100000381,8.100000381,8.100000381,8.100000381,401700,0,0
2023-11-28 12:00:00+07:00,8.100000381,8.100000381,8.050000191,8.100000381,87500,0,0
2023-11-28 12:15:00+07:00,8.100000381,8.100000381,8.050000191,8.050000191,36400,0,0
2023-11-28 14:15:00+07:00,8.050000191,8.100000381,8.050000191,8.100000381,177500,0,0
2023-11-28 14:30:00+07:00,8.100000381,8.149999619,8,8.050000191,1227113,0,0
2023-11-28 14:45:00+07:00,8.050000191,8.100000381,8,8.050000191,467662,0,0
2023-11-28 15:00:00+07:00,8.100000381,8.100000381,8.100000381,8.100000381,16400,0,0
2023-11-28 15:15:00+07:00,8.100000381,8.100000381,8.050000191,8.100000381,14100,0,0
2023-11-28 15:30:00+07:00,8.100000381,8.100000381,8.050000191,8.100000381,1057500,0,0
2023-11-28 15:45:00+07:00,8.100000381,8.100000381,8.050000191,8.100000381,880450,0,0
2023-11-28 16:00:00+07:00,8.100000381,8.100000381,8.050000191,8.100000381,56900,0,0
2023-11-28 16:15:00+07:00,8.100000381,8.149999619,8.050000191,8.149999619,736649,0,0
2023-11-29 10:00:00+07:00,8.149999619,8.149999619,8.100000381,8.100000381,735800,0,0
2023-11-29 10:15:00+07:00,8.100000381,8.149999619,8.100000381,8.100000381,588400,0,0
2023-11-29 10:30:00+07:00,8.149999619,8.25,8.100000381,8.199999809,1624400,0,0
2023-11-29 10:45:00+07:00,8.149999619,8.199999809,8.149999619,8.199999809,29400,0,0
2023-11-29 11:00:00+07:00,8.199999809,8.199999809,8.149999619,8.149999619,172100,0,0
2023-11-29 11:15:00+07:00,8.199999809,8.300000191,8.149999619,8.25,2268912,0,0
2023-11-29 11:30:00+07:00,8.300000191,8.350000381,8.300000191,8.350000381,4193028,0,0
2023-11-29 11:45:00+07:00,8.300000191,8.350000381,8.300000191,8.300000191,735414,0,0
2023-11-29 12:00:00+07:00,8.350000381,8.350000381,8.25,8.25,1082300,0,0
2023-11-29 12:15:00+07:00,8.300000191,8.300000191,8.25,8.300000191,396500,0,0
2023-11-29 14:15:00+07:00,8.300000191,8.300000191,8.300000191,8.300000191,122200,0,0
2023-11-29 14:30:00+07:00,8.25,8.300000191,8.25,8.25,344706,0,0
2023-11-29 14:45:00+07:00,8.25,8.300000191,8.25,8.300000191,663400,0,0
2023-11-29 15:00:00+07:00,8.300000191,8.300000191,8.25,8.300000191,233228,0,0
2023-11-29 15:15:00+07:00,8.300000191,8.300000191,8.25,8.300000191,324101,0,0
2023-11-29 15:30:00+07:00,8.300000191,8.300000191,8.25,8.25,2420500,0,0
2023-11-29 15:45:00+07:00,8.25,8.300000191,8.25,8.25,282100,0,0
2023-11-29 16:00:00+07:00,8.300000191,8.300000191,8.25,8.300000191,1262820,0,0
2023-11-29 16:15:00+07:00,8.25,8.300000191,8.25,8.300000191,1888302,0,0
2023-11-30 10:00:00+07:00,8.25,8.350000381,8.199999809,8.300000191,1911300,0,0
2023-11-30 10:15:00+07:00,8.300000191,8.300000191,8.199999809,8.199999809,1565430,0,0
2023-11-30 10:30:00+07:00,8.199999809,8.300000191,8.199999809,8.199999809,649000,0,0
2023-11-30 10:45:00+07:00,8.199999809,8.25,8.100000381,8.100000381,2439923,0,0
2023-11-30 11:00:00+07:00,8.100000381,8.199999809,8.100000381,8.100000381,1583900,0,0
2023-11-30 11:15:00+07:00,8.100000381,8.199999809,8.100000381,8.149999619,712900,0,0
2023-11-30 11:30:00+07:00,8.100000381,8.199999809,8.100000381,8.149999619,191200,0,0
2023-11-30 11:45:00+07:00,8.149999619,8.199999809,8.149999619,8.149999619,311866,0,0
2023-11-30 12:00:00+07:00,8.149999619,8.199999809,8.149999619,8.199999809,239300,0,0
2023-11-30 12:15:00+07:00,8.149999619,8.25,8.149999619,8.199999809,1344101,0,0
2023-11-30 14:15:00+07:00,8.25,8.25,8.199999809,8.199999809,118700,0,0
2023-11-30 14:30:00+07:00,8.199999809,8.25,8.199999809,8.25,666800,0,0
2023-11-30 14:45:00+07:00,8.25,8.25,8.199999809,8.199999809,461533,0,0
2023-11-30 15:00:00+07:00,8.25,8.25,8.149999619,8.199999809,518100,0,0
2023-11-30 15:15:00+07:00,8.149999619,8.199999809,8.100000381,8.149999619,697000,0,0
2023-11-30 15:30:00+07:00,8.100000381,8.149999619,8.100000381,8.100000381,302168,0,0
2023-11-30 15:45:00+07:00,8.100000381,8.149999619,8.050000191,8.100000381,1791700,0,0
2023-11-30 16:00:00+07:00,8.100000381,8.149999619,8.050000191,8.149999619,1113300,0,0
2023-11-30 16:15:00+07:00,8.149999619,8.199999809,8.100000381,8.100000381,1272117,0,0
2023-12-01 10:00:00+07:00,8.100000381,8.149999619,8,8.149999619,1216518,0,0
2023-12-01 10:15:00+07:00,8.149999619,8.149999619,8.100000381,8.100000381,1351705,0,0
2023-12-01 10:30:00+07:00,8.100000381,8.199999809,8.050000191,8.199999809,1250200,0,0
2023-12-01 10:45:00+07:00,8.199999809,8.199999809,8.149999619,8.199999809,163713,0,0
2023-12-01 11:00:00+07:00,8.149999619,8.199999809,8.149999619,8.199999809,918700,0,0
2023-12-01 11:15:00+07:00,8.199999809,8.25,8.149999619,8.149999619,615001,0,0
2023-12-01 11:30:00+07:00,8.199999809,8.199999809,8.149999619,8.149999619,154600,0,0
2023-12-01 11:45:00+07:00,8.199999809,8.199999809,8.100000381,8.100000381,574200,0,0
2023-12-01 12:00:00+07:00,8.149999619,8.149999619,8.100000381,8.100000381,308201,0,0
2023-12-01 12:15:00+07:00,8.149999619,8.199999809,8.100000381,8.149999619,1064508,0,0
2023-12-01 14:15:00+07:00,8.149999619,8.149999619,8.050000191,8.050000191,836100,0,0
2023-12-01 14:30:00+07:00,8.050000191,8.100000381,8.050000191,8.100000381,70747,0,0
2023-12-01 14:45:00+07:00,8.100000381,8.100000381,8.050000191,8.100000381,187500,0,0
2023-12-01 15:00:00+07:00,8.100000381,8.100000381,8.050000191,8.100000381,80500,0,0
2023-12-01 15:15:00+07:00,8.100000381,8.100000381,8.050000191,8.100000381,265900,0,0
2023-12-01 15:30:00+07:00,8.100000381,8.100000381,8.050000191,8.050000191,306022,0,0
2023-12-01 15:45:00+07:00,8.100000381,8.100000381,8.050000191,8.100000381,141161,0,0
2023-12-01 16:00:00+07:00,8.100000381,8.100000381,8.050000191,8.100000381,369878,0,0
2023-12-01 16:15:00+07:00,8.100000381,8.100000381,8,8.100000381,1240319,0,0
2023-12-04 10:00:00+07:00,8.050000191,8.100000381,8,8.050000191,244600,0,0
2023-12-04 10:15:00+07:00,8,8.050000191,7.949999809,8.050000191,1779700,0,0
2023-12-04 10:30:00+07:00,8.050000191,8.100000381,8.050000191,8.100000381,369000,0,0
2023-12-04 10:45:00+07:00,8.100000381,8.149999619,8.050000191,8.149999619,1194800,0,0
2023-12-04 11:00:00+07:00,8.149999619,8.149999619,8.100000381,8.149999619,159700,0,0
2023-12-04 11:15:00+07:00,8.149999619,8.149999619,8.100000381,8.149999619,166303,0,0
2023-12-04 11:30:00+07:00,8.100000381,8.149999619,8.100000381,8.149999619,84500,0,0
2023-12-04 11:45:00+07:00,8.100000381,8.149999619,8.100000381,8.149999619,109600,0,0
2023-12-04 12:00:00+07:00,8.100000381,8.149999619,8.100000381,8.149999619,63300,0,0
2023-12-04 12:15:00+07:00,8.100000381,8.149999619,8.050000191,8.100000381,385120,0,0
2023-12-04 14:15:00+07:00,8.050000191,8.100000381,8.050000191,8.100000381,661200,0,0
2023-12-04 14:30:00+07:00,8.050000191,8.100000381,8.050000191,8.100000381,332900,0,0
2023-12-04 14:45:00+07:00,8.050000191,8.100000381,8.050000191,8.100000381,77000,0,0
2023-12-04 15:00:00+07:00,8.100000381,8.100000381,8,8.050000191,1459300,0,0
2023-12-04 15:15:00+07:00,8.100000381,8.100000381,8,8.050000191,794405,0,0
2023-12-04 15:30:00+07:00,8.050000191,8.100000381,8,8,720042,0,0
2023-12-04 15:45:00+07:00,8.050000191,8.050000191,8,8.050000191,146302,0,0
2023-12-04 16:00:00+07:00,8,8.100000381,8,8.100000381,501323,0,0
2023-12-04 16:15:00+07:00,8.050000191,8.100000381,8,8.050000191,878100,0,0
2023-12-06 10:00:00+07:00,8,8.050000191,7.949999809,8,356209,0,0
2023-12-06 10:15:00+07:00,8,8.100000381,7.949999809,8.050000191,327500,0,0
2023-12-06 10:30:00+07:00,8.100000381,8.100000381,8,8.050000191,464100,0,0
2023-12-06 10:45:00+07:00,8.050000191,8.050000191,8,8,95900,0,0
2023-12-06 11:00:00+07:00,8,8.050000191,8,8.050000191,65668,0,0
2023-12-06 11:15:00+07:00,8.050000191,8.100000381,8,8.100000381,251900,0,0
2023-12-06 11:30:00+07:00,8.100000381,8.100000381,8.050000191,8.100000381,76215,0,0
2023-12-06 11:45:00+07:00,8.100000381,8.100000381,8.050000191,8.050000191,46500,0,0
2023-12-06 12:00:00+07:00,8.100000381,8.100000381,8.050000191,8.050000191,23700,0,0
2023-12-06 12:15:00+07:00,8.100000381,8.100000381,8.050000191,8.100000381,92500,0,0
2023-12-06 14:15:00+07:00,8.100000381,8.100000381,8.100000381,8.100000381,41745,0,0
2023-12-06 14:30:00+07:00,8.100000381,8.100000381,8,8.050000191,561954,0,0
2023-12-06 14:45:00+07:00,8.100000381,8.100000381,8.050000191,8.050000191,10300,0,0
2023-12-06 15:00:00+07:00,8.050000191,8.100000381,8.050000191,8.100000381,39500,0,0
2023-12-06 15:15:00+07:00,8.100000381,8.100000381,8.050000191,8.100000381,41900,0,0
2023-12-06 15:30:00+07:00,8.100000381,8.100000381,8.050000191,8.100000381,136901,0,0
2023-12-06 15:45:00+07:00,8.100000381,8.100000381,8.050000191,8.100000381,113700,0,0
2023-12-06 16:00:00+07:00,8.050000191,8.100000381,8.050000191,8.100000381,41701,0,0
2023-12-06 16:15:00+07:00,8.050000191,8.100000381,8,8.050000191,1100600,0,0
2023-12-07 10:00:00+07:00,8,8,7.800000191,7.849999905,3046370,0,0
2023-12-07 10:15:00+07:00,7.849999905,7.849999905,7.75,7.75,3982989,0,0
2023-12-07 10:30:00+07:00,7.800000191,7.849999905,7.75,7.800000191,1025104,0,0
2023-12-07 10:45:00+07:00,7.800000191,7.800000191,7.699999809,7.75,2119975,0,0
2023-12-07 11:00:00+07:00,7.75,7.75,7.650000095,7.699999809,1732100,0,0
2023-12-07 11:15:00+07:00,7.699999809,7.75,7.650000095,7.75,1668800,0,0
2023-12-07 11:30:00+07:00,7.75,7.800000191,7.75,7.800000191,48500,0,0
2023-12-07 11:45:00+07:00,7.75,7.800000191,7.699999809,7.699999809,1561600,0,0
2023-12-07 12:00:00+07:00,7.699999809,7.75,7.699999809,7.75,139677,0,0
2023-12-07 12:15:00+07:00,7.699999809,7.800000191,7.699999809,7.800000191,902200,0,0
2023-12-07 14:15:00+07:00,7.75,7.800000191,7.75,7.800000191,109400,0,0
2023-12-07 14:30:00+07:00,7.75,7.800000191,7.75,7.800000191,127410,0,0
2023-12-07 14:45:00+07:00,7.75,7.849999905,7.75,7.849999905,1513700,0,0
2023-12-07 15:00:00+07:00,7.849999905,7.849999905,7.800000191,7.800000191,1171780,0,0
2023-12-07 15:15:00+07:00,7.800000191,7.800000191,7.75,7.800000191,1172700,0,0
2023-12-07 15:30:00+07:00,7.800000191,7.800000191,7.75,7.800000191,1289708,0,0
2023-12-07 15:45:00+07:00,7.75,7.849999905,7.75,7.849999905,2654420,0,0
2023-12-07 16:00:00+07:00,7.849999905,7.949999809,7.849999905,7.900000095,2934600,0,0
2023-12-07 16:15:00+07:00,7.849999905,7.949999809,7.849999905,7.900000095,2783318,0,0
2023-12-08 10:00:00+07:00,7.949999809,7.949999809,7.849999905,7.900000095,1054300,0,0
2023-12-08 10:15:00+07:00,7.900000095,7.949999809,7.900000095,7.900000095,5526,0,0
2023-12-08 10:30:00+07:00,7.900000095,7.949999809,7.900000095,7.900000095,115500,0,0
2023-12-08 10:45:00+07:00,7.949999809,7.949999809,7.900000095,7.900000095,23781,0,0
2023-12-08 11:00:00+07:00,7.900000095,7.949999809,7.900000095,7.949999809,75700,0,0
2023-12-08 11:15:00+07:00,7.900000095,7.949999809,7.900000095,7.900000095,500901,0,0
2023-12-08 11:30:00+07:00,7.900000095,7.949999809,7.900000095,7.900000095,444500,0,0
2023-12-08 11:45:00+07:00,7.900000095,7.949999809,7.900000095,7.900000095,117600,0,0
2023-12-08 12:00:00+07:00,7.900000095,7.900000095,7.900000095,7.900000095,35003,0,0
2023-12-08 12:15:00+07:00,7.900000095,7.900000095,7.900000095,7.900000095,72300,0,0
2023-12-08 14:15:00+07:00,7.900000095,7.900000095,7.900000095,7.900000095,216500,0,0
2023-12-08 14:30:00+07:00,7.900000095,7.900000095,7.900000095,7.900000095,1047101,0,0
2023-12-08 14:45:00+07:00,7.900000095,7.949999809,7.900000095,7.900000095,149200,0,0
2023-12-08 15:00:00+07:00,7.900000095,7.900000095,7.849999905,7.900000095,50255,0,0
2023-12-08 15:15:00+07:00,7.849999905,7.900000095,7.849999905,7.900000095,66300,0,0
2023-12-08 15:30:00+07:00,7.900000095,7.900000095,7.849999905,7.849999905,59280,0,0
2023-12-08 15:45:00+07:00,7.849999905,7.900000095,7.849999905,7.849999905,102800,0,0
2023-12-08 16:00:00+07:00,7.849999905,7.900000095,7.849999905,7.849999905,81005,0,0
2023-12-08 16:15:00+07:00,7.849999905,7.900000095,7.849999905,7.900000095,213400,0,0
2023-12-12 10:00:00+07:00,7.849999905,7.949999809,7.800000191,7.900000095,157180,0,0
2023-12-12 10:15:00+07:00,7.900000095,7.900000095,7.900000095,7.900000095,27400,0,0
2023-12-12 10:30:00+07:00,7.900000095,7.900000095,7.849999905,7.849999905,411500,0,0
2023-12-12 10:45:00+07:00,7.849999905,7.900000095,7.849999905,7.849999905,143823,0,0
2023-12-12 11:00:00+07:00,7.900000095,7.900000095,7.849999905,7.849999905,31921,0,0
2023-12-12 11:15:00+07:00,7.849999905,7.900000095,7.849999905,7.849999905,20201,0,0
2023-12-12 11:30:00+07:00,7.849999905,7.849999905,7.849999905,7.849999905,18704,0,0
2023-12-12 11:45:00+07:00,7.900000095,7.900000095,7.849999905,7.849999905,471500,0,0
2023-12-12 12:00:00+07:00,7.849999905,7.900000095,7.849999905,7.849999905,146605,0,0
2023-12-12 12:15:00+07:00,7.900000095,7.900000095,7.849999905,7.849999905,80200,0,0
2023-12-12 14:15:00+07:00,7.800000191,7.849999905,7.800000191,7.849999905,380328,0,0
2023-12-12 14:30:00+07:00,7.900000095,7.949999809,7.849999905,7.900000095,336100,0,0
2023-12-12 14:45:00+07:00,7.900000095,7.949999809,7.900000095,7.900000095,222200,0,0
2023-12-12 15:00:00+07:00,7.900000095,7.900000095,7.849999905,7.849999905,609000,0,0
2023-12-12 15:15:00+07:00,7.849999905,7.900000095,7.849999905,7.849999905,24100,0,0
2023-12-12 15:30:00+07:00,7.849999905,7.900000095,7.849999905,7.849999905,60519,0,0
2023-12-12 15:45:00+07:00,7.849999905,7.900000095,7.849999905,7.849999905,34809,0,0
2023-12-12 16:00:00+07:00,7.900000095,7.900000095,7.849999905,7.900000095,193900,0,0
2023-12-12 16:15:00+07:00,7.849999905,7.900000095,7.800000191,7.900000095,1037500,0,0
2023-12-13 10:00:00+07:00,7.75,7.75,7.699999809,7.75,622800,0,0
2023-12-13 10:15:00+07:00,7.75,7.75,7.650000095,7.75,1122301,0,0
2023-12-13 10:30:00+07:00,7.75,7.75,7.699999809,7.75,204300,0,0
2023-12-13 10:45:00+07:00,7.75,7.800000191,7.75,7.75,375500,0,0
2023-12-13 11:00:00+07:00,7.800000191,7.800000191,7.75,7.75,171700,0,0
2023-12-13 11:15:00+07:00,7.75,7.800000191,7.75,7.800000191,143235,0,0
2023-12-13 11:30:00+07:00,7.75,7.800000191,7.75,7.75,194100,0,0
2023-12-13 11:45:00+07:00,7.800000191,7.800000191,7.699999809,7.699999809,588813,0,0
2023-12-13 12:00:00+07:00,7.75,7.75,7.699999809,7.699999809,211900,0,0
2023-12-13 12:15:00+07:00,7.699999809,7.75,7.650000095,7.699999809,625602,0,0
2023-12-13 14:15:00+07:00,7.650000095,7.699999809,7.650000095,7.650000095,166000,0,0
2023-12-13 14:30:00+07:00,7.699999809,7.699999809,7.550000191,7.599999905,2923200,0,0
2023-12-13 14:45:00+07:00,7.550000191,7.650000095,7.550000191,7.650000095,526903,0,0
2023-12-13 15:00:00+07:00,7.650000095,7.650000095,7.599999905,7.650000095,75700,0,0
2023-12-13 15:15:00+07:00,7.650000095,7.650000095,7.599999905,7.650000095,962400,0,0
2023-12-13 15:30:00+07:00,7.699999809,7.699999809,7.599999905,7.599999905,633800,0,0
2023-12-13 15:45:00+07:00,7.650000095,7.699999809,7.599999905,7.650000095,366500,0,0
2023-12-13 16:00:00+07:00,7.699999809,7.699999809,7.5,7.550000191,2558381,0,0
2023-12-13 16:15:00+07:00,7.599999905,7.650000095,7.550000191,7.650000095,2067700,0,0
2023-12-14 10:00:00+07:00,7.699999809,7.800000191,7.699999809,7.800000191,1477200,0,0
2023-12-14 10:15:00+07:00,7.75,7.800000191,7.75,7.75,13413,0,0
2023-12-14 10:30:00+07:00,7.800000191,7.849999905,7.75,7.800000191,427502,0,0
2023-12-14 10:45:00+07:00,7.800000191,7.849999905,7.800000191,7.800000191,429613,0,0
2023-12-14 11:00:00+07:00,7.75,7.849999905,7.75,7.849999905,572200,0,0
2023-12-14 11:15:00+07:00,7.900000095,7.900000095,7.849999905,7.849999905,480802,0,0
2023-12-14 11:30:00+07:00,7.800000191,7.800000191,7.800000191,7.800000191,18500,0,0
2023-12-14 11:45:00+07:00,7.800000191,7.849999905,7.800000191,7.800000191,150800,0,0
2023-12-14 12:00:00+07:00,7.800000191,7.849999905,7.800000191,7.800000191,20600,0,0
2023-12-14 12:15:00+07:00,7.849999905,7.849999905,7.800000191,7.800000191,20500,0,0
2023-12-14 14:15:00+07:00,7.800000191,7.849999905,7.800000191,7.800000191,20800,0,0
2023-12-14 14:30:00+07:00,7.849999905,7.900000095,7.849999905,7.900000095,246713,0,0
2023-12-14 14:45:00+07:00,7.849999905,7.900000095,7.849999905,7.900000095,22900,0,0
2023-12-14 15:00:00+07:00,7.849999905,7.900000095,7.849999905,7.849999905,19700,0,0
2023-12-14 15:15:00+07:00,7.900000095,7.900000095,7.849999905,7.900000095,14201,0,0
2023-12-14 15:30:00+07:00,7.849999905,7.900000095,7.800000191,7.800000191,816100,0,0
2023-12-14 15:45:00+07:00,7.800000191,7.849999905,7.800000191,7.800000191,6300,0,0
2023-12-14 16:00:00+07:00,7.800000191,7.849999905,7.800000191,7.800000191,214300,0,0
2023-12-14 16:15:00+07:00,7.849999905,7.849999905,7.800000191,7.849999905,131600,0,0
2023-12-15 10:00:00+07:00,7.949999809,8.050000191,7.900000095,8,876426,0,0
2023-12-15 10:15:00+07:00,8,8.050000191,8,8.050000191,1611115,0,0
2023-12-15 10:30:00+07:00,8.050000191,8.100000381,8,8.050000191,1337459,0,0
2023-12-15 10:45:00+07:00,8.050000191,8.050000191,8.050000191,8.050000191,1186227,0,0
2023-12-15 11:00:00+07:00,8.050000191,8.100000381,8.050000191,8.050000191,291600,0,0
2023-12-15 11:15:00+07:00,8.050000191,8.100000381,8.050000191,8.100000381,1878006,0,0
2023-12-15 11:30:00+07:00,8.050000191,8.100000381,8.050000191,8.050000191,1234454,0,0
2023-12-15 11:45:00+07:00,8.050000191,8.050000191,8.050000191,8.050000191,1433010,0,0
2023-12-15 12:00:00+07:00,8.050000191,8.050000191,8.050000191,8.050000191,107300,0,0
2023-12-15 12:15:00+07:00,8.050000191,8.050000191,8,8.050000191,1980200,0,0
2023-12-15 14:15:00+07:00,8.050000191,8.050000191,8,8.050000191,28201,0,0
2023-12-15 14:30:00+07:00,8,8.050000191,8,8.050000191,208000,0,0
2023-12-15 14:45:00+07:00,8.050000191,8.100000381,8.050000191,8.050000191,1773314,0,0
2023-12-15 15:00:00+07:00,8,8.050000191,8,8.050000191,438600,0,0
2023-12-15 15:15:00+07:00,8.050000191,8.100000381,8.050000191,8.050000191,372700,0,0
2023-12-15 15:30:00+07:00,8.050000191,8.100000381,8.050000191,8.050000191,41700,0,0
2023-12-15 15:45:00+07:00,8.050000191,8.100000381,8.050000191,8.050000191,124100,0,0
2023-12-15 16:00:00+07:00,8.050000191,8.100000381,8.050000191,8.050000191,186110,0,0
2023-12-15 16:15:00+07:00,8.050000191,8.100000381,8.050000191,8.050000191,916501,0,0
2023-12-18 10:00:00+07:00,8.050000191,8.100000381,8.050000191,8.050000191,45400,0,0
2023-12-18 10:15:00+07:00,8.050000191,8.100000381,8.050000191,8.050000191,41120,0,0
2023-12-18 10:30:00+07:00,8.050000191,8.050000191,8.050000191,8.050000191,62300,0,0
2023-12-18 10:45:00+07:00,8.050000191,8.050000191,8.050000191,8.050000191,5122,0,0
2023-12-18 11:00:00+07:00,8.100000381,8.100000381,8,8,312018,0,0
2023-12-18 11:15:00+07:00,8,8.050000191,8,8.050000191,5900,0,0
2023-12-18 11:30:00+07:00,8,8.050000191,8,8,17200,0,0
2023-12-18 11:45:00+07:00,8,8.050000191,8,8,11510,0,0
2023-12-18 12:00:00+07:00,8.050000191,8.050000191,8,8.050000191,57100,0,0
2023-12-18 12:15:00+07:00,8,8.050000191,8,8.050000191,22100,0,0
2023-12-18 14:15:00+07:00,8.050000191,8.050000191,8,8,131900,0,0
2023-12-18 14:30:00+07:00,8,8.050000191,8,8,32600,0,0
2023-12-18 14:45:00+07:00,8,8.050000191,8,8,11401,0,0
2023-12-18 15:00:00+07:00,8.050000191,8.050000191,8,8.050000191,8100,0,0
2023-12-18 15:15:00+07:00,8.050000191,8.199999809,8.050000191,8.149999619,1500227,0,0
2023-12-18 15:30:00+07:00,8.149999619,8.199999809,8.100000381,8.149999619,643338,0,0
2023-12-18 15:45:00+07:00,8.199999809,8.199999809,8.149999619,8.149999619,206505,0,0
2023-12-18 16:00:00+07:00,8.149999619,8.199999809,8.100000381,8.149999619,1383208,0,0
2023-12-18 16:15:00+07:00,8.149999619,8.199999809,8.100000381,8.100000381,869625,0,0
2023-12-19 10:00:00+07:00,8.100000381,8.199999809,8.100000381,8.100000381,459100,0,0
2023-12-19 10:15:00+07:00,8.100000381,8.149999619,8.050000191,8.100000381,687000,0,0
2023-12-19 10:30:00+07:00,8.100000381,8.100000381,8.100000381,8.100000381,42100,0,0
2023-12-19 10:45:00+07:00,8.100000381,8.149999619,8.100000381,8.149999619,252100,0,0
2023-12-19 11:00:00+07:00,8.149999619,8.199999809,8.149999619,8.199999809,12500,0,0
2023-12-19 11:15:00+07:00,8.199999809,8.199999809,8.149999619,8.149999619,2517,0,0
2023-12-19 11:30:00+07:00,8.149999619,8.149999619,8.149999619,8.149999619,31415,0,0
2023-12-19 11:45:00+07:00,8.149999619,8.149999619,8.100000381,8.100000381,161629,0,0
2023-12-19 12:00:00+07:00,8.100000381,8.100000381,8.100000381,8.100000381,3000,0,0
2023-12-19 12:15:00+07:00,8.100000381,8.100000381,8.100000381,8.100000381,102140,0,0
2023-12-19 14:15:00+07:00,8.100000381,8.100000381,8.100000381,8.100000381,15700,0,0
2023-12-19 14:30:00+07:00,8.149999619,8.149999619,8.100000381,8.100000381,331600,0,0
2023-12-19 14:45:00+07:00,8.100000381,8.100000381,8.100000381,8.100000381,1300,0,0
2023-12-19 15:00:00+07:00,8.100000381,8.100000381,8.100000381,8.100000381,27500,0,0
2023-12-19 15:15:00+07:00,8.149999619,8.149999619,8.149999619,8.149999619,1000,0,0
2023-12-19 15:45:00+07:00,8.100000381,8.149999619,8.100000381,8.100000381,356100,0,0
2023-12-19 16:00:00+07:00,8.100000381,8.100000381,8.100000381,8.100000381,7301,0,0
2023-12-19 16:15:00+07:00,8.100000381,8.100000381,8.100000381,8.100000381,103400,0,0
2023-12-20 10:00:00+07:00,8.199999809,8.199999809,8.149999619,8.199999809,3500,0,0
2023-12-20 10:15:00+07:00,8.149999619,8.25,8.149999619,8.199999809,1005900,0,0
2023-12-20 10:30:00+07:00,8.199999809,8.300000191,8.199999809,8.300000191,2416425,0,0
2023-12-20 10:45:00+07:00,8.25,8.300000191,8.25,8.25,236512,0,0
2023-12-20 11:00:00+07:00,8.25,8.300000191,8.25,8.300000191,93418,0,0
2023-12-20 11:15:00+07:00,8.300000191,8.350000381,8.300000191,8.350000381,2416220,0,0
2023-12-20 11:30:00+07:00,8.300000191,8.350000381,8.300000191,8.350000381,98200,0,0
2023-12-20 11:45:00+07:00,8.350000381,8.399999619,8.300000191,8.399999619,1696208,0,0
2023-12-20 12:00:00+07:00,8.399999619,8.399999619,8.300000191,8.300000191,3124081,0,0
2023-12-20 12:15:00+07:00,8.300000191,8.350000381,8.300000191,8.300000191,1242300,0,0
2023-12-20 14:15:00+07:00,8.350000381,8.350000381,8.350000381,8.350000381,512150,0,0
2023-12-20 14:30:00+07:00,8.350000381,8.350000381,8.300000191,8.300000191,716120,0,0
2023-12-20 14:45:00+07:00,8.350000381,8.350000381,8.300000191,8.300000191,161837,0,0
2023-12-20 15:00:00+07:00,8.350000381,8.350000381,8.300000191,8.350000381,106400,0,0
2023-12-20 15:15:00+07:00,8.350000381,8.350000381,8.300000191,8.300000191,152500,0,0
2023-12-20 15:30:00+07:00,8.350000381,8.350000381,8.300000191,8.350000381,676400,0,0
2023-12-20 15:45:00+07:00,8.300000191,8.399999619,8.300000191,8.350000381,863800,0,0
2023-12-20 16:00:00+07:00,8.399999619,8.399999619,8.350000381,8.399999619,1758622,0,0
2023-12-20 16:15:00+07:00,8.399999619,8.399999619,8.350000381,8.399999619,1907881,0,0
2023-12-21 10:00:00+07:00,8.300000191,8.350000381,8.300000191,8.300000191,747140,0,0
2023-12-21 10:15:00+07:00,8.350000381,8.350000381,8.300000191,8.350000381,728700,0,0
2023-12-21 10:30:00+07:00,8.300000191,8.350000381,8.25,8.300000191,1720300,0,0
2023-12-21 10:45:00+07:00,8.300000191,8.350000381,8.25,8.350000381,566410,0,0
2023-12-21 11:00:00+07:00,8.300000191,8.350000381,8.25,8.25,477800,0,0
2023-12-21 11:15:00+07:00,8.25,8.300000191,8.25,8.300000191,57900,0,0
2023-12-21 11:30:00+07:00,8.300000191,8.300000191,8.25,8.25,139034,0,0
2023-12-21 11:45:00+07:00,8.25,8.300000191,8.199999809,8.25,413900,0,0
2023-12-21 12:00:00+07:00,8.199999809,8.25,8.199999809,8.199999809,1209715,0,0
2023-12-21 12:15:00+07:00,8.199999809,8.25,8.199999809,8.25,222000,0,0
2023-12-21 14:15:00+07:00,8.25,8.25,8.25,8.25,113000,0,0
2023-12-21 14:30:00+07:00,8.25,8.25,8.199999809,8.25,215100,0,0
2023-12-21 14:45:00+07:00,8.25,8.300000191,8.25,8.25,189400,0,0
2023-12-21 15:00:00+07:00,8.25,8.300000191,8.149999619,8.25,1437800,0,0
2023-12-21 15:15:00+07:00,8.25,8.25,8.25,8.25,881200,0,0
2023-12-21 15:30:00+07:00,8.199999809,8.25,8.199999809,8.25,852912,0,0
2023-12-21 15:45:00+07:00,8.25,8.300000191,8.25,8.25,65501,0,0
2023-12-21 16:00:00+07:00,8.25,8.399999619,8.25,8.350000381,3105970,0,0
2023-12-21 16:15:00+07:00,8.350000381,8.399999619,8.350000381,8.350000381,675900,0,0
2023-12-22 10:00:00+07:00,8.350000381,8.399999619,8.300000191,8.350000381,1594000,0,0
2023-12-22 10:15:00+07:00,8.350000381,8.399999619,8.350000381,8.399999619,29150,0,0
2023-12-22 10:30:00+07:00,8.399999619,8.449999809,8.399999619,8.399999619,836500,0,0
2023-12-22 10:45:00+07:00,8.399999619,8.399999619,8.399999619,8.399999619,528100,0,0
2023-12-22 11:00:00+07:00,8.399999619,8.5,8.399999619,8.5,1677400,0,0
2023-12-22 11:15:00+07:00,8.449999809,8.550000191,8.449999809,8.449999809,2875985,0,0
2023-12-22 11:30:00+07:00,8.449999809,8.5,8.449999809,8.5,13405,0,0
2023-12-22 11:45:00+07:00,8.5,8.5,8.449999809,8.5,32905,0,0
2023-12-22 12:00:00+07:00,8.5,8.5,8.449999809,8.5,395400,0,0
2023-12-22 12:15:00+07:00,8.5,8.5,8.449999809,8.5,135800,0,0
2023-12-22 14:15:00+07:00,8.5,8.550000191,8.5,8.550000191,773600,0,0
2023-12-22 14:30:00+07:00,8.550000191,8.550000191,8.449999809,8.5,1122502,0,0
2023-12-22 14:45:00+07:00,8.5,8.550000191,8.5,8.5,38223,0,0
2023-12-22 15:00:00+07:00,8.5,8.550000191,8.5,8.550000191,217400,0,0
2023-12-22 15:15:00+07:00,8.550000191,8.600000381,8.5,8.550000191,2763098,0,0
2023-12-22 15:30:00+07:00,8.5,8.550000191,8.5,8.5,54903,0,0
2023-12-22 15:45:00+07:00,8.5,8.550000191,8.5,8.550000191,59800,0,0
2023-12-22 16:00:00+07:00,8.5,8.550000191,8.5,8.550000191,354770,0,0
2023-12-22 16:15:00+07:00,8.550000191,8.550000191,8.5,8.5,666289,0,0
2023-12-25 10:00:00+07:00,8.5,8.5,8.449999809,8.449999809,13101,0,0
2023-12-25 10:15:00+07:00,8.5,8.5,8.449999809,8.449999809,18111,0,0
2023-12-25 10:30:00+07:00,8.5,8.5,8.449999809,8.449999809,122000,0,0
2023-12-25 10:45:00+07:00,8.5,8.5,8.449999809,8.449999809,25412,0,0
2023-12-25 11:00:00+07:00,8.449999809,8.5,8.399999619,8.399999619,532000,0,0
2023-12-25 11:15:00+07:00,8.399999619,8.449999809,8.399999619,8.399999619,634160,0,0
2023-12-25 11:30:00+07:00,8.399999619,8.399999619,8.350000381,8.350000381,145001,0,0
2023-12-25 11:45:00+07:00,8.350000381,8.399999619,8.350000381,8.350000381,17820,0,0
2023-12-25 12:00:00+07:00,8.350000381,8.350000381,8.350000381,8.350000381,1900,0,0
2023-12-25 12:15:00+07:00,8.399999619,8.399999619,8.350000381,8.350000381,18400,0,0
2023-12-25 14:15:00+07:00,8.399999619,8.399999619,8.399999619,8.399999619,56800,0,0
2023-12-25 14:30:00+07:00,8.399999619,8.449999809,8.399999619,8.449999809,846800,0,0
2023-12-25 14:45:00+07:00,8.449999809,8.550000191,8.449999809,8.550000191,1649200,0,0
2023-12-25 15:00:00+07:00,8.5,8.600000381,8.5,8.550000191,663916,0,0
2023-12-25 15:15:00+07:00,8.550000191,8.600000381,8.550000191,8.550000191,453901,0,0
2023-12-25 15:30:00+07:00,8.550000191,8.550000191,8.5,8.5,363405,0,0
2023-12-25 15:45:00+07:00,8.5,8.5,8.5,8.5,584074,0,0
2023-12-25 16:00:00+07:00,8.5,8.550000191,8.5,8.550000191,975200,0,0
2023-12-25 16:15:00+07:00,8.550000191,8.600000381,8.5,8.5,735436,0,0
2023-12-26 10:00:00+07:00,8.550000191,8.550000191,8.449999809,8.5,109001,0,0
2023-12-26 10:15:00+07:00,8.449999809,8.5,8.449999809,8.449999809,208200,0,0
2023-12-26 10:30:00+07:00,8.449999809,8.5,8.399999619,8.5,378788,0,0
2023-12-26 10:45:00+07:00,8.449999809,8.449999809,8.449999809,8.449999809,1000,0,0
2023-12-26 11:00:00+07:00,8.449999809,8.5,8.449999809,8.449999809,20500,0,0
2023-12-26 11:15:00+07:00,8.449999809,8.449999809,8.449999809,8.449999809,64820,0,0
2023-12-26 11:30:00+07:00,8.449999809,8.5,8.449999809,8.449999809,8325,0,0
2023-12-26 11:45:00+07:00,8.449999809,8.5,8.399999619,8.399999619,764401,0,0
2023-12-26 12:00:00+07:00,8.399999619,8.449999809,8.399999619,8.399999619,8300,0,0
2023-12-26 12:15:00+07:00,8.449999809,8.449999809,8.350000381,8.350000381,637299,0,0
2023-12-26 14:15:00+07:00,8.399999619,8.399999619,8.399999619,8.399999619,110200,0,0
2023-12-26 14:30:00+07:00,8.399999619,8.399999619,8.350000381,8.399999619,1438956,0,0
2023-12-26 14:45:00+07:00,8.350000381,8.399999619,8.350000381,8.399999619,182326,0,0
2023-12-26 15:00:00+07:00,8.350000381,8.449999809,8.350000381,8.350000381,754500,0,0
2023-12-26 15:15:00+07:00,8.350000381,8.399999619,8.350000381,8.399999619,61600,0,0
2023-12-26 15:30:00+07:00,8.350000381,8.399999619,8.350000381,8.350000381,21432,0,0
2023-12-26 15:45:00+07:00,8.399999619,8.399999619,8.350000381,8.350000381,236900,0,0
2023-12-26 16:00:00+07:00,8.350000381,8.399999619,8.300000191,8.399999619,1170501,0,0
2023-12-26 16:15:00+07:00,8.350000381,8.399999619,8.350000381,8.399999619,604000,0,0
2023-12-27 10:00:00+07:00,8.5,8.5,8.399999619,8.449999809,680300,0,0
2023-12-27 10:15:00+07:00,8.449999809,8.5,8.399999619,8.449999809,751902,0,0
2023-12-27 10:30:00+07:00,8.449999809,8.449999809,8.399999619,8.449999809,334800,0,0
2023-12-27 10:45:00+07:00,8.449999809,8.449999809,8.399999619,8.449999809,268800,0,0
2023-12-27 11:00:00+07:00,8.449999809,8.449999809,8.350000381,8.350000381,1087800,0,0
2023-12-27 11:15:00+07:00,8.350000381,8.399999619,8.350000381,8.399999619,72700,0,0
2023-12-27 11:30:00+07:00,8.350000381,8.399999619,8.350000381,8.350000381,39300,0,0
2023-12-27 11:45:00+07:00,8.399999619,8.399999619,8.350000381,8.350000381,700,0,0
2023-12-27 12:00:00+07:00,8.399999619,8.399999619,8.350000381,8.350000381,690001,0,0
2023-12-27 12:15:00+07:00,8.350000381,8.399999619,8.350000381,8.350000381,112206,0,0
2023-12-27 14:15:00+07:00,8.350000381,8.350000381,8.350000381,8.350000381,190511,0,0
2023-12-27 14:30:00+07:00,8.350000381,8.399999619,8.350000381,8.399999619,812406,0,0
2023-12-27 14:45:00+07:00,8.399999619,8.399999619,8.350000381,8.399999619,356600,0,0
2023-12-27 15:00:00+07:00,8.399999619,8.399999619,8.399999619,8.399999619,45900,0,0
2023-12-27 15:15:00+07:00,8.350000381,8.350000381,8.350000381,8.350000381,836800,0,0
2023-12-27 15:30:00+07:00,8.399999619,8.399999619,8.350000381,8.350000381,47000,0,0
2023-12-27 15:45:00+07:00,8.350000381,8.399999619,8.350000381,8.350000381,241300,0,0
2023-12-27 16:00:00+07:00,8.350000381,8.399999619,8.350000381,8.350000381,386200,0,0
2023-12-27 16:15:00+07:00,8.350000381,8.399999619,8.350000381,8.350000381,693000,0,0
2023-12-28 10:00:00+07:00,8.350000381,8.350000381,8.300000191,8.300000191,146300,0,0
2023-12-28 10:15:00+07:00,8.350000381,8.399999619,8.300000191,8.300000191,253203,0,0
2023-12-28 10:30:00+07:00,8.300000191,8.350000381,8.300000191,8.350000381,46800,0,0
2023-12-28 10:45:00+07:00,8.350000381,8.399999619,8.350000381,8.399999619,114835,0,0
2023-12-28 11:15:00+07:00,8.350000381,8.350000381,8.350000381,8.350000381,3500,0,0
2023-12-28 11:30:00+07:00,8.350000381,8.350000381,8.350000381,8.350000381,23000,0,0
2023-12-28 11:45:00+07:00,8.350000381,8.350000381,8.350000381,8.350000381,23900,0,0
2023-12-28 12:00:00+07:00,8.350000381,8.399999619,8.350000381,8.350000381,1000,0,0
2023-12-28 12:15:00+07:00,8.350000381,8.350000381,8.350000381,8.350000381,10200,0,0
2023-12-28 14:15:00+07:00,8.399999619,8.399999619,8.350000381,8.350000381,3400,0,0
2023-12-28 14:30:00+07:00,8.350000381,8.399999619,8.300000191,8.300000191,537412,0,0
2023-12-28 14:45:00+07:00,8.300000191,8.350000381,8.300000191,8.350000381,152500,0,0
2023-12-28 15:00:00+07:00,8.350000381,8.350000381,8.300000191,8.350000381,40400,0,0
2023-12-28 15:15:00+07:00,8.350000381,8.350000381,8.25,8.300000191,788231,0,0
2023-12-28 15:30:00+07:00,8.300000191,8.350000381,8.25,8.350000381,447500,0,0
2023-12-28 15:45:00+07:00,8.300000191,8.350000381,8.300000191,8.300000191,1211723,0,0
2023-12-28 16:00:00+07:00,8.300000191,8.300000191,8.300000191,8.300000191,334441,0,0
2023-12-28 16:15:00+07:00,8.300000191,8.300000191,8.25,8.300000191,1949321,0,0
2024-01-03 10:00:00+07:00,8.300000191,8.350000381,8.25,8.300000191,388650,0,0
2024-01-03 10:15:00+07:00,8.350000381,8.350000381,8.300000191,8.300000191,182313,0,0
2024-01-03 10:30:00+07:00,8.300000191,8.399999619,8.300000191,8.350000381,627303,0,0
2024-01-03 10:45:00+07:00,8.399999619,8.399999619,8.300000191,8.300000191,693110,0,0
2024-01-03 11:00:00+07:00,8.300000191,8.399999619,8.300000191,8.350000381,666500,0,0
2024-01-03 11:15:00+07:00,8.350000381,8.399999619,8.300000191,8.350000381,892200,0,0
2024-01-03 11:30:00+07:00,8.399999619,8.399999619,8.350000381,8.350000381,157000,0,0
2024-01-03 11:45:00+07:00,8.350000381,8.449999809,8.350000381,8.449999809,955700,0,0
2024-01-03 12:00:00+07:00,8.399999619,8.449999809,8.350000381,8.350000381,862200,0,0
2024-01-03 12:15:00+07:00,8.350000381,8.399999619,8.350000381,8.350000381,22800,0,0
2024-01-03 14:15:00+07:00,8.399999619,8.399999619,8.350000381,8.350000381,64100,0,0
2024-01-03 14:30:00+07:00,8.350000381,8.399999619,8.350000381,8.350000381,98900,0,0
2024-01-03 14:45:00+07:00,8.350000381,8.399999619,8.350000381,8.350000381,522874,0,0
2024-01-03 15:00:00+07:00,8.350000381,8.399999619,8.350000381,8.350000381,210000,0,0
2024-01-03 15:15:00+07:00,8.350000381,8.399999619,8.300000191,8.350000381,970640,0,0
2024-01-03 15:30:00+07:00,8.399999619,8.399999619,8.350000381,8.350000381,197800,0,0
2024-01-03 15:45:00+07:00,8.350000381,8.399999619,8.300000191,8.300000191,505940,0,0
2024-01-03 16:00:00+07:00,8.300000191,8.399999619,8.300000191,8.399999619,680905,0,0
2024-01-03 16:15:00+07:00,8.350000381,8.399999619,8.350000381,8.350000381,312015,0,0
2024-01-04 10:00:00+07:00,8.600000381,8.75,8.600000381,8.699999809,3187845,0,0
2024-01-04 10:15:00+07:00,8.649999619,8.699999809,8.550000191,8.600000381,4123110,0,0
2024-01-04 10:30:00+07:00,8.550000191,8.600000381,8.449999809,8.5,9995702,0,0
2024-01-04 10:45:00+07:00,8.5,8.550000191,8.449999809,8.550000191,3779600,0,0
2024-01-04 11:00:00+07:00,8.5,8.550000191,8.5,8.550000191,1091791,0,0
2024-01-04 11:15:00+07:00,8.5,8.550000191,8.5,8.550000191,159129,0,0
2024-01-04 11:30:00+07:00,8.550000191,8.550000191,8.5,8.5,187402,0,0
2024-01-04 11:45:00+07:00,8.550000191,8.550000191,8.449999809,8.449999809,1410714,0,0
2024-01-04 12:00:00+07:00,8.449999809,8.5,8.449999809,8.449999809,1012101,0,0
2024-01-04 12:15:00+07:00,8.399999619,8.5,8.399999619,8.5,2039010,0,0
2024-01-04 14:15:00+07:00,8.5,8.550000191,8.5,8.550000191,378300,0,0
2024-01-04 14:30:00+07:00,8.5,8.550000191,8.5,8.5,581500,0,0
2024-01-04 14:45:00+07:00,8.5,8.550000191,8.5,8.5,287200,0,0
2024-01-04 15:00:00+07:00,8.5,8.550000191,8.5,8.550000191,2118301,0,0
2024-01-04 15:15:00+07:00,8.5,8.550000191,8.5,8.5,78505,0,0
2024-01-04 15:30:00+07:00,8.550000191,8.600000381,8.5,8.600000381,1314803,0,0
2024-01-04 15:45:00+07:00,8.600000381,8.600000381,8.5,8.5,1469200,0,0
2024-01-04 16:00:00+07:00,8.550000191,8.550000191,8.5,8.5,498299,0,0
2024-01-04 16:15:00+07:00,8.550000191,8.550000191,8.5,8.5,774040,0,0
2024-01-05 10:00:00+07:00,8.550000191,8.600000381,8.5,8.550000191,1383000,0,0
2024-01-05 10:15:00+07:00,8.600000381,8.600000381,8.550000191,8.550000191,430108,0,0
2024-01-05 10:30:00+07:00,8.600000381,8.600000381,8.5,8.600000381,980481,0,0
2024-01-05 10:45:00+07:00,8.550000191,8.600000381,8.550000191,8.550000191,162526,0,0
2024-01-05 11:00:00+07:00,8.600000381,8.600000381,8.550000191,8.600000381,187540,0,0
2024-01-05 11:15:00+07:00,8.550000191,8.600000381,8.550000191,8.550000191,1110645,0,0
2024-01-05 11:30:00+07:00,8.550000191,8.600000381,8.550000191,8.600000381,127910,0,0
2024-01-05 11:45:00+07:00,8.550000191,8.600000381,8.550000191,8.550000191,219810,0,0
2024-01-05 12:00:00+07:00,8.600000381,8.600000381,8.550000191,8.600000381,113600,0,0
2024-01-05 12:15:00+07:00,8.550000191,8.600000381,8.550000191,8.600000381,163201,0,0
2024-01-05 14:15:00+07:00,8.600000381,8.600000381,8.550000191,8.550000191,103200,0,0
2024-01-05 14:30:00+07:00,8.600000381,8.600000381,8.550000191,8.600000381,242200,0,0
2024-01-05 14:45:00+07:00,8.550000191,8.649999619,8.550000191,8.550000191,2421300,0,0
2024-01-05 15:00:00+07:00,8.550000191,8.649999619,8.550000191,8.600000381,2517349,0,0
2024-01-05 15:15:00+07:00,8.600000381,8.649999619,8.5,8.550000191,2891525,0,0
2024-01-05 15:30:00+07:00,8.550000191,8.600000381,8.449999809,8.5,3804060,0,0
2024-01-05 15:45:00+07:00,8.550000191,8.550000191,8.449999809,8.550000191,1084419,0,0
2024-01-05 16:00:00+07:00,8.5,8.550000191,8.449999809,8.449999809,462100,0,0
2024-01-05 16:15:00+07:00,8.449999809,8.5,8.449999809,8.449999809,124701,0,0
